-23,1,NNlJr/DCXXsbS2+GDJdONeyDuCY=,u3qPWlzUQ4Eh3w/xHf+umOIHtt8=
-22,2,NNlJr/DCXXsbS2+GDJdONeyDuCY=,u3qPWlzUQ4Eh3w/xHf+umOIHtt8=
-23,2,NNlJr/DCXXsbS2+GDJdONeyDuCY=,u3qPWlzUQ4Eh3w/xHf+umOIHtt8=
-22,1,NNlJr/DCXXsbS2+GDJdONeyDuCY=,u3qPWlzUQ4Eh3w/xHf+umOIHtt8=
-21,1,NNlJr/DCXXsbS2+GDJdONeyDuCY=,u3qPWlzUQ4Eh3w/xHf+umOIHtt8=
-21,2,NNlJr/DCXXsbS2+GDJdONeyDuCY=,u3qPWlzUQ4Eh3w/xHf+umOIHtt8=
-18,2,NNlJr/DCXXsbS2+GDJdONeyDuCY=,I2bL3AW+2bzCYaMI4AsahD2IHpU=
-19,2,NNlJr/DCXXsbS2+GDJdONeyDuCY=,I2bL3AW+2bzCYaMI4AsahD2IHpU=
-20,2,NNlJr/DCXXsbS2+GDJdONeyDuCY=,I2bL3AW+2bzCYaMI4AsahD2IHpU=
-18,1,NNlJr/DCXXsbS2+GDJdONeyDuCY=,I2bL3AW+2bzCYaMI4AsahD2IHpU=
-20,1,NNlJr/DCXXsbS2+GDJdONeyDuCY=,I2bL3AW+2bzCYaMI4AsahD2IHpU=
-19,1,NNlJr/DCXXsbS2+GDJdONeyDuCY=,I2bL3AW+2bzCYaMI4AsahD2IHpU=
-23,3,NNlJr/DCXXsbS2+GDJdONeyDuCY=,u3qPWlzUQ4Eh3w/xHf+umOIHtt8=
-22,6,NNlJr/DCXXsbS2+GDJdONeyDuCY=,8Ggo4Jmke6RP94DuyUa4O9ZrAa8=
-23,6,NNlJr/DCXXsbS2+GDJdONeyDuCY=,8Ggo4Jmke6RP94DuyUa4O9ZrAa8=
-22,5,NNlJr/DCXXsbS2+GDJdONeyDuCY=,8Ggo4Jmke6RP94DuyUa4O9ZrAa8=
-22,4,NNlJr/DCXXsbS2+GDJdONeyDuCY=,8Ggo4Jmke6RP94DuyUa4O9ZrAa8=
-23,5,NNlJr/DCXXsbS2+GDJdONeyDuCY=,8Ggo4Jmke6RP94DuyUa4O9ZrAa8=
-22,3,NNlJr/DCXXsbS2+GDJdONeyDuCY=,u3qPWlzUQ4Eh3w/xHf+umOIHtt8=
-23,4,NNlJr/DCXXsbS2+GDJdONeyDuCY=,8Ggo4Jmke6RP94DuyUa4O9ZrAa8=
-21,3,NNlJr/DCXXsbS2+GDJdONeyDuCY=,u3qPWlzUQ4Eh3w/xHf+umOIHtt8=
-21,6,NNlJr/DCXXsbS2+GDJdONeyDuCY=,8Ggo4Jmke6RP94DuyUa4O9ZrAa8=
-18,4,NNlJr/DCXXsbS2+GDJdONeyDuCY=,FEL5Mi9pfQYi6Pf9Onk9zN9rUaI=
-20,5,NNlJr/DCXXsbS2+GDJdONeyDuCY=,FEL5Mi9pfQYi6Pf9Onk9zN9rUaI=
-20,4,NNlJr/DCXXsbS2+GDJdONeyDuCY=,FEL5Mi9pfQYi6Pf9Onk9zN9rUaI=
-19,5,NNlJr/DCXXsbS2+GDJdONeyDuCY=,FEL5Mi9pfQYi6Pf9Onk9zN9rUaI=
-20,3,NNlJr/DCXXsbS2+GDJdONeyDuCY=,I2bL3AW+2bzCYaMI4AsahD2IHpU=
-19,3,NNlJr/DCXXsbS2+GDJdONeyDuCY=,I2bL3AW+2bzCYaMI4AsahD2IHpU=
-19,4,qrB7xaqOOBqeusqjZZgvw4NzX+8=,FEL5Mi9pfQYi6Pf9Onk9zN9rUaI=
-18,3,qrB7xaqOOBqeusqjZZgvw4NzX+8=,I2bL3AW+2bzCYaMI4AsahD2IHpU=
-27,5,qrB7xaqOOBqeusqjZZgvw4NzX+8=,+sIDpIic7h4ZJaa3mrMvPSWx8Bc=
-27,6,qrB7xaqOOBqeusqjZZgvw4NzX+8=,+sIDpIic7h4ZJaa3mrMvPSWx8Bc=
-21,5,qrB7xaqOOBqeusqjZZgvw4NzX+8=,8Ggo4Jmke6RP94DuyUa4O9ZrAa8=
-18,5,qrB7xaqOOBqeusqjZZgvw4NzX+8=,FEL5Mi9pfQYi6Pf9Onk9zN9rUaI=
-25,6,qrB7xaqOOBqeusqjZZgvw4NzX+8=,+sIDpIic7h4ZJaa3mrMvPSWx8Bc=
-18,6,qrB7xaqOOBqeusqjZZgvw4NzX+8=,FEL5Mi9pfQYi6Pf9Onk9zN9rUaI=
-26,5,qrB7xaqOOBqeusqjZZgvw4NzX+8=,+sIDpIic7h4ZJaa3mrMvPSWx8Bc=
-20,6,qrB7xaqOOBqeusqjZZgvw4NzX+8=,FEL5Mi9pfQYi6Pf9Onk9zN9rUaI=
-24,6,qrB7xaqOOBqeusqjZZgvw4NzX+8=,8Ggo4Jmke6RP94DuyUa4O9ZrAa8=
-25,5,qrB7xaqOOBqeusqjZZgvw4NzX+8=,+sIDpIic7h4ZJaa3mrMvPSWx8Bc=
-26,6,qrB7xaqOOBqeusqjZZgvw4NzX+8=,+sIDpIic7h4ZJaa3mrMvPSWx8Bc=
-27,1,qrB7xaqOOBqeusqjZZgvw4NzX+8=,xSUJtA/KYhVUEZNmr51rlt7pAJI=
-24,3,qrB7xaqOOBqeusqjZZgvw4NzX+8=,u3qPWlzUQ4Eh3w/xHf+umOIHtt8=
-24,1,qrB7xaqOOBqeusqjZZgvw4NzX+8=,u3qPWlzUQ4Eh3w/xHf+umOIHtt8=
-19,6,qrB7xaqOOBqeusqjZZgvw4NzX+8=,FEL5Mi9pfQYi6Pf9Onk9zN9rUaI=
-21,4,qrB7xaqOOBqeusqjZZgvw4NzX+8=,8Ggo4Jmke6RP94DuyUa4O9ZrAa8=
-27,3,qrB7xaqOOBqeusqjZZgvw4NzX+8=,xSUJtA/KYhVUEZNmr51rlt7pAJI=
-24,5,qrB7xaqOOBqeusqjZZgvw4NzX+8=,8Ggo4Jmke6RP94DuyUa4O9ZrAa8=
-26,3,qrB7xaqOOBqeusqjZZgvw4NzX+8=,xSUJtA/KYhVUEZNmr51rlt7pAJI=
-24,4,qrB7xaqOOBqeusqjZZgvw4NzX+8=,8Ggo4Jmke6RP94DuyUa4O9ZrAa8=
-25,3,qrB7xaqOOBqeusqjZZgvw4NzX+8=,xSUJtA/KYhVUEZNmr51rlt7pAJI=
-28,1,qrB7xaqOOBqeusqjZZgvw4NzX+8=,xSUJtA/KYhVUEZNmr51rlt7pAJI=
-30,1,qrB7xaqOOBqeusqjZZgvw4NzX+8=,yT7KV6LcWtsIfP39C1tZZn5yNsc=
-31,2,qrB7xaqOOBqeusqjZZgvw4NzX+8=,yT7KV6LcWtsIfP39C1tZZn5yNsc=
-30,2,qrB7xaqOOBqeusqjZZgvw4NzX+8=,yT7KV6LcWtsIfP39C1tZZn5yNsc=
-29,2,qrB7xaqOOBqeusqjZZgvw4NzX+8=,yT7KV6LcWtsIfP39C1tZZn5yNsc=
-28,2,qrB7xaqOOBqeusqjZZgvw4NzX+8=,xSUJtA/KYhVUEZNmr51rlt7pAJI=
-31,1,qrB7xaqOOBqeusqjZZgvw4NzX+8=,yT7KV6LcWtsIfP39C1tZZn5yNsc=
-29,1,qrB7xaqOOBqeusqjZZgvw4NzX+8=,yT7KV6LcWtsIfP39C1tZZn5yNsc=
-25,4,qrB7xaqOOBqeusqjZZgvw4NzX+8=,+sIDpIic7h4ZJaa3mrMvPSWx8Bc=
-26,1,qrB7xaqOOBqeusqjZZgvw4NzX+8=,xSUJtA/KYhVUEZNmr51rlt7pAJI=
-25,1,qrB7xaqOOBqeusqjZZgvw4NzX+8=,xSUJtA/KYhVUEZNmr51rlt7pAJI=
-24,2,qrB7xaqOOBqeusqjZZgvw4NzX+8=,u3qPWlzUQ4Eh3w/xHf+umOIHtt8=
-26,4,qrB7xaqOOBqeusqjZZgvw4NzX+8=,+sIDpIic7h4ZJaa3mrMvPSWx8Bc=
-25,2,qrB7xaqOOBqeusqjZZgvw4NzX+8=,xSUJtA/KYhVUEZNmr51rlt7pAJI=
-26,2,qrB7xaqOOBqeusqjZZgvw4NzX+8=,xSUJtA/KYhVUEZNmr51rlt7pAJI=
-27,4,qrB7xaqOOBqeusqjZZgvw4NzX+8=,+sIDpIic7h4ZJaa3mrMvPSWx8Bc=
-27,2,qrB7xaqOOBqeusqjZZgvw4NzX+8=,xSUJtA/KYhVUEZNmr51rlt7pAJI=
-27,13,qrB7xaqOOBqeusqjZZgvw4NzX+8=,E3W1rhzxS94RJYbSVh/qyUpTGMY=
-26,13,qrB7xaqOOBqeusqjZZgvw4NzX+8=,E3W1rhzxS94RJYbSVh/qyUpTGMY=
-27,14,qrB7xaqOOBqeusqjZZgvw4NzX+8=,E3W1rhzxS94RJYbSVh/qyUpTGMY=
-27,7,qrB7xaqOOBqeusqjZZgvw4NzX+8=,+sIDpIic7h4ZJaa3mrMvPSWx8Bc=
-26,14,qrB7xaqOOBqeusqjZZgvw4NzX+8=,E3W1rhzxS94RJYbSVh/qyUpTGMY=
-27,9,qrB7xaqOOBqeusqjZZgvw4NzX+8=,9+ojFnNQCqUVRjYSSBC8vOm7FDc=
-26,9,qrB7xaqOOBqeusqjZZgvw4NzX+8=,9+ojFnNQCqUVRjYSSBC8vOm7FDc=
-26,7,qrB7xaqOOBqeusqjZZgvw4NzX+8=,+sIDpIic7h4ZJaa3mrMvPSWx8Bc=
-27,12,qrB7xaqOOBqeusqjZZgvw4NzX+8=,E3W1rhzxS94RJYbSVh/qyUpTGMY=
-26,12,qrB7xaqOOBqeusqjZZgvw4NzX+8=,E3W1rhzxS94RJYbSVh/qyUpTGMY=
-27,10,qrB7xaqOOBqeusqjZZgvw4NzX+8=,9+ojFnNQCqUVRjYSSBC8vOm7FDc=
-26,10,qrB7xaqOOBqeusqjZZgvw4NzX+8=,9+ojFnNQCqUVRjYSSBC8vOm7FDc=
-27,8,qrB7xaqOOBqeusqjZZgvw4NzX+8=,9+ojFnNQCqUVRjYSSBC8vOm7FDc=
-27,11,qrB7xaqOOBqeusqjZZgvw4NzX+8=,9+ojFnNQCqUVRjYSSBC8vOm7FDc=
-26,8,qrB7xaqOOBqeusqjZZgvw4NzX+8=,9+ojFnNQCqUVRjYSSBC8vOm7FDc=
-26,11,qrB7xaqOOBqeusqjZZgvw4NzX+8=,9+ojFnNQCqUVRjYSSBC8vOm7FDc=
-25,8,qrB7xaqOOBqeusqjZZgvw4NzX+8=,9+ojFnNQCqUVRjYSSBC8vOm7FDc=
-23,7,qrB7xaqOOBqeusqjZZgvw4NzX+8=,8Ggo4Jmke6RP94DuyUa4O9ZrAa8=
-24,7,qrB7xaqOOBqeusqjZZgvw4NzX+8=,8Ggo4Jmke6RP94DuyUa4O9ZrAa8=
-25,7,qrB7xaqOOBqeusqjZZgvw4NzX+8=,+sIDpIic7h4ZJaa3mrMvPSWx8Bc=
-25,9,qrB7xaqOOBqeusqjZZgvw4NzX+8=,9+ojFnNQCqUVRjYSSBC8vOm7FDc=
-22,7,qrB7xaqOOBqeusqjZZgvw4NzX+8=,8Ggo4Jmke6RP94DuyUa4O9ZrAa8=
-25,10,qrB7xaqOOBqeusqjZZgvw4NzX+8=,9+ojFnNQCqUVRjYSSBC8vOm7FDc=
-32,9,qrB7xaqOOBqeusqjZZgvw4NzX+8=,IsDqCquuksQ5MxRSqt6lLP0SC0U=
-28,9,qrB7xaqOOBqeusqjZZgvw4NzX+8=,9+ojFnNQCqUVRjYSSBC8vOm7FDc=
-31,9,qrB7xaqOOBqeusqjZZgvw4NzX+8=,IsDqCquuksQ5MxRSqt6lLP0SC0U=
-30,9,qrB7xaqOOBqeusqjZZgvw4NzX+8=,IsDqCquuksQ5MxRSqt6lLP0SC0U=
-29,10,qrB7xaqOOBqeusqjZZgvw4NzX+8=,IsDqCquuksQ5MxRSqt6lLP0SC0U=
-27,15,qrB7xaqOOBqeusqjZZgvw4NzX+8=,E3W1rhzxS94RJYbSVh/qyUpTGMY=
-26,15,qrB7xaqOOBqeusqjZZgvw4NzX+8=,E3W1rhzxS94RJYbSVh/qyUpTGMY=
-28,10,qrB7xaqOOBqeusqjZZgvw4NzX+8=,9+ojFnNQCqUVRjYSSBC8vOm7FDc=
-30,10,qrB7xaqOOBqeusqjZZgvw4NzX+8=,IsDqCquuksQ5MxRSqt6lLP0SC0U=
-32,10,qrB7xaqOOBqeusqjZZgvw4NzX+8=,IsDqCquuksQ5MxRSqt6lLP0SC0U=
-31,10,qrB7xaqOOBqeusqjZZgvw4NzX+8=,IsDqCquuksQ5MxRSqt6lLP0SC0U=
-29,9,qrB7xaqOOBqeusqjZZgvw4NzX+8=,IsDqCquuksQ5MxRSqt6lLP0SC0U=
-32,2,qrB7xaqOOBqeusqjZZgvw4NzX+8=,yT7KV6LcWtsIfP39C1tZZn5yNsc=
-32,1,qrB7xaqOOBqeusqjZZgvw4NzX+8=,yT7KV6LcWtsIfP39C1tZZn5yNsc=
-31,0,qrB7xaqOOBqeusqjZZgvw4NzX+8=,yT7KV6LcWtsIfP39C1tZZn5yNsc=
-30,0,qrB7xaqOOBqeusqjZZgvw4NzX+8=,yT7KV6LcWtsIfP39C1tZZn5yNsc=
-32,3,qrB7xaqOOBqeusqjZZgvw4NzX+8=,yT7KV6LcWtsIfP39C1tZZn5yNsc=
-32,5,qrB7xaqOOBqeusqjZZgvw4NzX+8=,zxawJ8QC0z5Fip0VTLulYhkUN7Q=
-32,8,qrB7xaqOOBqeusqjZZgvw4NzX+8=,IsDqCquuksQ5MxRSqt6lLP0SC0U=
-28,3,qrB7xaqOOBqeusqjZZgvw4NzX+8=,xSUJtA/KYhVUEZNmr51rlt7pAJI=
-31,5,qrB7xaqOOBqeusqjZZgvw4NzX+8=,zxawJ8QC0z5Fip0VTLulYhkUN7Q=
-31,8,qrB7xaqOOBqeusqjZZgvw4NzX+8=,IsDqCquuksQ5MxRSqt6lLP0SC0U=
-30,8,qrB7xaqOOBqeusqjZZgvw4NzX+8=,IsDqCquuksQ5MxRSqt6lLP0SC0U=
-30,5,qrB7xaqOOBqeusqjZZgvw4NzX+8=,zxawJ8QC0z5Fip0VTLulYhkUN7Q=
-30,3,qrB7xaqOOBqeusqjZZgvw4NzX+8=,yT7KV6LcWtsIfP39C1tZZn5yNsc=
-29,4,qrB7xaqOOBqeusqjZZgvw4NzX+8=,zxawJ8QC0z5Fip0VTLulYhkUN7Q=
-31,4,qrB7xaqOOBqeusqjZZgvw4NzX+8=,zxawJ8QC0z5Fip0VTLulYhkUN7Q=
-29,8,qrB7xaqOOBqeusqjZZgvw4NzX+8=,IsDqCquuksQ5MxRSqt6lLP0SC0U=
-29,3,qrB7xaqOOBqeusqjZZgvw4NzX+8=,yT7KV6LcWtsIfP39C1tZZn5yNsc=
-29,7,qrB7xaqOOBqeusqjZZgvw4NzX+8=,zxawJ8QC0z5Fip0VTLulYhkUN7Q=
-31,3,qrB7xaqOOBqeusqjZZgvw4NzX+8=,yT7KV6LcWtsIfP39C1tZZn5yNsc=
-30,4,qrB7xaqOOBqeusqjZZgvw4NzX+8=,zxawJ8QC0z5Fip0VTLulYhkUN7Q=
-30,7,qrB7xaqOOBqeusqjZZgvw4NzX+8=,zxawJ8QC0z5Fip0VTLulYhkUN7Q=
-29,6,qrB7xaqOOBqeusqjZZgvw4NzX+8=,zxawJ8QC0z5Fip0VTLulYhkUN7Q=
-29,5,qrB7xaqOOBqeusqjZZgvw4NzX+8=,zxawJ8QC0z5Fip0VTLulYhkUN7Q=
-32,4,qrB7xaqOOBqeusqjZZgvw4NzX+8=,zxawJ8QC0z5Fip0VTLulYhkUN7Q=
-28,7,qrB7xaqOOBqeusqjZZgvw4NzX+8=,+sIDpIic7h4ZJaa3mrMvPSWx8Bc=
-30,6,qrB7xaqOOBqeusqjZZgvw4NzX+8=,zxawJ8QC0z5Fip0VTLulYhkUN7Q=
-28,6,qrB7xaqOOBqeusqjZZgvw4NzX+8=,+sIDpIic7h4ZJaa3mrMvPSWx8Bc=
-31,6,qrB7xaqOOBqeusqjZZgvw4NzX+8=,zxawJ8QC0z5Fip0VTLulYhkUN7Q=
-28,8,qrB7xaqOOBqeusqjZZgvw4NzX+8=,9+ojFnNQCqUVRjYSSBC8vOm7FDc=
-28,4,qrB7xaqOOBqeusqjZZgvw4NzX+8=,+sIDpIic7h4ZJaa3mrMvPSWx8Bc=
-31,7,qrB7xaqOOBqeusqjZZgvw4NzX+8=,zxawJ8QC0z5Fip0VTLulYhkUN7Q=
-32,7,qrB7xaqOOBqeusqjZZgvw4NzX+8=,zxawJ8QC0z5Fip0VTLulYhkUN7Q=
-28,5,qrB7xaqOOBqeusqjZZgvw4NzX+8=,+sIDpIic7h4ZJaa3mrMvPSWx8Bc=
-32,6,qrB7xaqOOBqeusqjZZgvw4NzX+8=,zxawJ8QC0z5Fip0VTLulYhkUN7Q=
-25,12,qrB7xaqOOBqeusqjZZgvw4NzX+8=,E3W1rhzxS94RJYbSVh/qyUpTGMY=
-25,11,qrB7xaqOOBqeusqjZZgvw4NzX+8=,9+ojFnNQCqUVRjYSSBC8vOm7FDc=
-25,14,qrB7xaqOOBqeusqjZZgvw4NzX+8=,E3W1rhzxS94RJYbSVh/qyUpTGMY=
-29,14,qrB7xaqOOBqeusqjZZgvw4NzX+8=,uvjV6BGYJ7Y+yhw94jdUtRkM1Vs=
-31,11,qrB7xaqOOBqeusqjZZgvw4NzX+8=,IsDqCquuksQ5MxRSqt6lLP0SC0U=
-25,13,qrB7xaqOOBqeusqjZZgvw4NzX+8=,E3W1rhzxS94RJYbSVh/qyUpTGMY=
-31,13,qrB7xaqOOBqeusqjZZgvw4NzX+8=,uvjV6BGYJ7Y+yhw94jdUtRkM1Vs=
-32,11,qrB7xaqOOBqeusqjZZgvw4NzX+8=,IsDqCquuksQ5MxRSqt6lLP0SC0U=
-28,15,qrB7xaqOOBqeusqjZZgvw4NzX+8=,E3W1rhzxS94RJYbSVh/qyUpTGMY=
-31,15,qrB7xaqOOBqeusqjZZgvw4NzX+8=,uvjV6BGYJ7Y+yhw94jdUtRkM1Vs=
-32,13,qrB7xaqOOBqeusqjZZgvw4NzX+8=,uvjV6BGYJ7Y+yhw94jdUtRkM1Vs=
-32,15,qrB7xaqOOBqeusqjZZgvw4NzX+8=,uvjV6BGYJ7Y+yhw94jdUtRkM1Vs=
-30,15,qrB7xaqOOBqeusqjZZgvw4NzX+8=,uvjV6BGYJ7Y+yhw94jdUtRkM1Vs=
-29,13,qrB7xaqOOBqeusqjZZgvw4NzX+8=,uvjV6BGYJ7Y+yhw94jdUtRkM1Vs=
-32,14,qrB7xaqOOBqeusqjZZgvw4NzX+8=,uvjV6BGYJ7Y+yhw94jdUtRkM1Vs=
-31,14,qrB7xaqOOBqeusqjZZgvw4NzX+8=,uvjV6BGYJ7Y+yhw94jdUtRkM1Vs=
-28,12,qrB7xaqOOBqeusqjZZgvw4NzX+8=,E3W1rhzxS94RJYbSVh/qyUpTGMY=
-28,14,qrB7xaqOOBqeusqjZZgvw4NzX+8=,E3W1rhzxS94RJYbSVh/qyUpTGMY=
-17,5,qrB7xaqOOBqeusqjZZgvw4NzX+8=,FEL5Mi9pfQYi6Pf9Onk9zN9rUaI=
-30,14,qrB7xaqOOBqeusqjZZgvw4NzX+8=,uvjV6BGYJ7Y+yhw94jdUtRkM1Vs=
-29,15,qrB7xaqOOBqeusqjZZgvw4NzX+8=,uvjV6BGYJ7Y+yhw94jdUtRkM1Vs=
-30,11,qrB7xaqOOBqeusqjZZgvw4NzX+8=,IsDqCquuksQ5MxRSqt6lLP0SC0U=
-17,6,qrB7xaqOOBqeusqjZZgvw4NzX+8=,FEL5Mi9pfQYi6Pf9Onk9zN9rUaI=
-29,12,qrB7xaqOOBqeusqjZZgvw4NzX+8=,uvjV6BGYJ7Y+yhw94jdUtRkM1Vs=
-29,11,qrB7xaqOOBqeusqjZZgvw4NzX+8=,IsDqCquuksQ5MxRSqt6lLP0SC0U=
-32,12,qrB7xaqOOBqeusqjZZgvw4NzX+8=,uvjV6BGYJ7Y+yhw94jdUtRkM1Vs=
-28,11,qrB7xaqOOBqeusqjZZgvw4NzX+8=,9+ojFnNQCqUVRjYSSBC8vOm7FDc=
-31,12,qrB7xaqOOBqeusqjZZgvw4NzX+8=,uvjV6BGYJ7Y+yhw94jdUtRkM1Vs=
-30,13,qrB7xaqOOBqeusqjZZgvw4NzX+8=,uvjV6BGYJ7Y+yhw94jdUtRkM1Vs=
-30,12,qrB7xaqOOBqeusqjZZgvw4NzX+8=,uvjV6BGYJ7Y+yhw94jdUtRkM1Vs=
-17,3,qrB7xaqOOBqeusqjZZgvw4NzX+8=,I2bL3AW+2bzCYaMI4AsahD2IHpU=
-17,2,qrB7xaqOOBqeusqjZZgvw4NzX+8=,I2bL3AW+2bzCYaMI4AsahD2IHpU=
-17,4,qrB7xaqOOBqeusqjZZgvw4NzX+8=,FEL5Mi9pfQYi6Pf9Onk9zN9rUaI=
-28,13,qrB7xaqOOBqeusqjZZgvw4NzX+8=,E3W1rhzxS94RJYbSVh/qyUpTGMY=
-17,1,qrB7xaqOOBqeusqjZZgvw4NzX+8=,I2bL3AW+2bzCYaMI4AsahD2IHpU=
-19,0,qrB7xaqOOBqeusqjZZgvw4NzX+8=,I2bL3AW+2bzCYaMI4AsahD2IHpU=
-18,0,qrB7xaqOOBqeusqjZZgvw4NzX+8=,I2bL3AW+2bzCYaMI4AsahD2IHpU=
-20,0,qrB7xaqOOBqeusqjZZgvw4NzX+8=,I2bL3AW+2bzCYaMI4AsahD2IHpU=
-25,15,qrB7xaqOOBqeusqjZZgvw4NzX+8=,E3W1rhzxS94RJYbSVh/qyUpTGMY=
-21,0,qrB7xaqOOBqeusqjZZgvw4NzX+8=,u3qPWlzUQ4Eh3w/xHf+umOIHtt8=
-22,0,qrB7xaqOOBqeusqjZZgvw4NzX+8=,u3qPWlzUQ4Eh3w/xHf+umOIHtt8=
-32,0,qrB7xaqOOBqeusqjZZgvw4NzX+8=,yT7KV6LcWtsIfP39C1tZZn5yNsc=
-17,0,qrB7xaqOOBqeusqjZZgvw4NzX+8=,I2bL3AW+2bzCYaMI4AsahD2IHpU=
-23,0,qrB7xaqOOBqeusqjZZgvw4NzX+8=,u3qPWlzUQ4Eh3w/xHf+umOIHtt8=
-28,0,qrB7xaqOOBqeusqjZZgvw4NzX+8=,xSUJtA/KYhVUEZNmr51rlt7pAJI=
-27,0,qrB7xaqOOBqeusqjZZgvw4NzX+8=,xSUJtA/KYhVUEZNmr51rlt7pAJI=
-29,0,qrB7xaqOOBqeusqjZZgvw4NzX+8=,yT7KV6LcWtsIfP39C1tZZn5yNsc=
-25,0,qrB7xaqOOBqeusqjZZgvw4NzX+8=,xSUJtA/KYhVUEZNmr51rlt7pAJI=
-24,0,qrB7xaqOOBqeusqjZZgvw4NzX+8=,u3qPWlzUQ4Eh3w/xHf+umOIHtt8=
-26,0,qrB7xaqOOBqeusqjZZgvw4NzX+8=,xSUJtA/KYhVUEZNmr51rlt7pAJI=
-20,13,qrB7xaqOOBqeusqjZZgvw4NzX+8=,8W0KEVfipQ9N0/b6Jg+NWeAuW70=
-19,13,qrB7xaqOOBqeusqjZZgvw4NzX+8=,8W0KEVfipQ9N0/b6Jg+NWeAuW70=
-18,13,qrB7xaqOOBqeusqjZZgvw4NzX+8=,8W0KEVfipQ9N0/b6Jg+NWeAuW70=
-20,15,qrB7xaqOOBqeusqjZZgvw4NzX+8=,8W0KEVfipQ9N0/b6Jg+NWeAuW70=
-17,14,qrB7xaqOOBqeusqjZZgvw4NzX+8=,8W0KEVfipQ9N0/b6Jg+NWeAuW70=
-17,13,qrB7xaqOOBqeusqjZZgvw4NzX+8=,8W0KEVfipQ9N0/b6Jg+NWeAuW70=
-20,14,qrB7xaqOOBqeusqjZZgvw4NzX+8=,8W0KEVfipQ9N0/b6Jg+NWeAuW70=
-19,15,qrB7xaqOOBqeusqjZZgvw4NzX+8=,8W0KEVfipQ9N0/b6Jg+NWeAuW70=
-19,14,qrB7xaqOOBqeusqjZZgvw4NzX+8=,8W0KEVfipQ9N0/b6Jg+NWeAuW70=
-18,15,qrB7xaqOOBqeusqjZZgvw4NzX+8=,8W0KEVfipQ9N0/b6Jg+NWeAuW70=
-18,14,qrB7xaqOOBqeusqjZZgvw4NzX+8=,8W0KEVfipQ9N0/b6Jg+NWeAuW70=
-17,15,qrB7xaqOOBqeusqjZZgvw4NzX+8=,8W0KEVfipQ9N0/b6Jg+NWeAuW70=
-20,7,qrB7xaqOOBqeusqjZZgvw4NzX+8=,FEL5Mi9pfQYi6Pf9Onk9zN9rUaI=
-19,7,qrB7xaqOOBqeusqjZZgvw4NzX+8=,FEL5Mi9pfQYi6Pf9Onk9zN9rUaI=
-20,9,qrB7xaqOOBqeusqjZZgvw4NzX+8=,NCaZ5BVtF8nE6fjh9nA1fhqMo7o=
-19,9,qrB7xaqOOBqeusqjZZgvw4NzX+8=,NCaZ5BVtF8nE6fjh9nA1fhqMo7o=
-18,9,qrB7xaqOOBqeusqjZZgvw4NzX+8=,NCaZ5BVtF8nE6fjh9nA1fhqMo7o=
-17,8,qrB7xaqOOBqeusqjZZgvw4NzX+8=,NCaZ5BVtF8nE6fjh9nA1fhqMo7o=
-18,7,qrB7xaqOOBqeusqjZZgvw4NzX+8=,FEL5Mi9pfQYi6Pf9Onk9zN9rUaI=
-17,9,qrB7xaqOOBqeusqjZZgvw4NzX+8=,NCaZ5BVtF8nE6fjh9nA1fhqMo7o=
-20,10,qrB7xaqOOBqeusqjZZgvw4NzX+8=,NCaZ5BVtF8nE6fjh9nA1fhqMo7o=
-19,8,qrB7xaqOOBqeusqjZZgvw4NzX+8=,NCaZ5BVtF8nE6fjh9nA1fhqMo7o=
-18,8,qrB7xaqOOBqeusqjZZgvw4NzX+8=,NCaZ5BVtF8nE6fjh9nA1fhqMo7o=
-17,12,qrB7xaqOOBqeusqjZZgvw4NzX+8=,8W0KEVfipQ9N0/b6Jg+NWeAuW70=
-17,11,qrB7xaqOOBqeusqjZZgvw4NzX+8=,NCaZ5BVtF8nE6fjh9nA1fhqMo7o=
-19,12,qrB7xaqOOBqeusqjZZgvw4NzX+8=,8W0KEVfipQ9N0/b6Jg+NWeAuW70=
-17,7,qrB7xaqOOBqeusqjZZgvw4NzX+8=,FEL5Mi9pfQYi6Pf9Onk9zN9rUaI=
-20,12,qrB7xaqOOBqeusqjZZgvw4NzX+8=,8W0KEVfipQ9N0/b6Jg+NWeAuW70=
-21,7,qrB7xaqOOBqeusqjZZgvw4NzX+8=,8Ggo4Jmke6RP94DuyUa4O9ZrAa8=
-19,10,qrB7xaqOOBqeusqjZZgvw4NzX+8=,NCaZ5BVtF8nE6fjh9nA1fhqMo7o=
-18,12,qrB7xaqOOBqeusqjZZgvw4NzX+8=,8W0KEVfipQ9N0/b6Jg+NWeAuW70=
-20,8,qrB7xaqOOBqeusqjZZgvw4NzX+8=,NCaZ5BVtF8nE6fjh9nA1fhqMo7o=
-19,11,qrB7xaqOOBqeusqjZZgvw4NzX+8=,NCaZ5BVtF8nE6fjh9nA1fhqMo7o=
-20,11,qrB7xaqOOBqeusqjZZgvw4NzX+8=,NCaZ5BVtF8nE6fjh9nA1fhqMo7o=
-17,10,qrB7xaqOOBqeusqjZZgvw4NzX+8=,NCaZ5BVtF8nE6fjh9nA1fhqMo7o=
-18,11,qrB7xaqOOBqeusqjZZgvw4NzX+8=,NCaZ5BVtF8nE6fjh9nA1fhqMo7o=
-18,10,qrB7xaqOOBqeusqjZZgvw4NzX+8=,NCaZ5BVtF8nE6fjh9nA1fhqMo7o=
-18,26,qrB7xaqOOBqeusqjZZgvw4NzX+8=,LW6OP5afR58qw5e19vfddMAOARs=
-18,25,qrB7xaqOOBqeusqjZZgvw4NzX+8=,LW6OP5afR58qw5e19vfddMAOARs=
-19,26,qrB7xaqOOBqeusqjZZgvw4NzX+8=,LW6OP5afR58qw5e19vfddMAOARs=
-19,25,qrB7xaqOOBqeusqjZZgvw4NzX+8=,LW6OP5afR58qw5e19vfddMAOARs=
-20,25,qrB7xaqOOBqeusqjZZgvw4NzX+8=,LW6OP5afR58qw5e19vfddMAOARs=
-20,26,qrB7xaqOOBqeusqjZZgvw4NzX+8=,LW6OP5afR58qw5e19vfddMAOARs=
-19,22,qrB7xaqOOBqeusqjZZgvw4NzX+8=,FMi8YNmsiIKNDyTpwpXBrbljWJk=
-19,21,qrB7xaqOOBqeusqjZZgvw4NzX+8=,FMi8YNmsiIKNDyTpwpXBrbljWJk=
-18,21,qrB7xaqOOBqeusqjZZgvw4NzX+8=,FMi8YNmsiIKNDyTpwpXBrbljWJk=
-18,22,qrB7xaqOOBqeusqjZZgvw4NzX+8=,FMi8YNmsiIKNDyTpwpXBrbljWJk=
-20,23,qrB7xaqOOBqeusqjZZgvw4NzX+8=,FMi8YNmsiIKNDyTpwpXBrbljWJk=
-20,24,qrB7xaqOOBqeusqjZZgvw4NzX+8=,LW6OP5afR58qw5e19vfddMAOARs=
-20,21,qrB7xaqOOBqeusqjZZgvw4NzX+8=,FMi8YNmsiIKNDyTpwpXBrbljWJk=
-19,24,qrB7xaqOOBqeusqjZZgvw4NzX+8=,LW6OP5afR58qw5e19vfddMAOARs=
-18,24,qrB7xaqOOBqeusqjZZgvw4NzX+8=,LW6OP5afR58qw5e19vfddMAOARs=
-19,23,qrB7xaqOOBqeusqjZZgvw4NzX+8=,FMi8YNmsiIKNDyTpwpXBrbljWJk=
-20,22,qrB7xaqOOBqeusqjZZgvw4NzX+8=,FMi8YNmsiIKNDyTpwpXBrbljWJk=
-18,23,qrB7xaqOOBqeusqjZZgvw4NzX+8=,FMi8YNmsiIKNDyTpwpXBrbljWJk=
-17,21,qrB7xaqOOBqeusqjZZgvw4NzX+8=,FMi8YNmsiIKNDyTpwpXBrbljWJk=
-17,22,qrB7xaqOOBqeusqjZZgvw4NzX+8=,FMi8YNmsiIKNDyTpwpXBrbljWJk=
-18,27,qrB7xaqOOBqeusqjZZgvw4NzX+8=,LW6OP5afR58qw5e19vfddMAOARs=
-19,30,qrB7xaqOOBqeusqjZZgvw4NzX+8=,o3JEOEoSfg4IeHRcvnb+H1MpNuc=
-18,30,qrB7xaqOOBqeusqjZZgvw4NzX+8=,o3JEOEoSfg4IeHRcvnb+H1MpNuc=
-20,30,qrB7xaqOOBqeusqjZZgvw4NzX+8=,o3JEOEoSfg4IeHRcvnb+H1MpNuc=
-20,27,qrB7xaqOOBqeusqjZZgvw4NzX+8=,LW6OP5afR58qw5e19vfddMAOARs=
-20,28,qrB7xaqOOBqeusqjZZgvw4NzX+8=,o3JEOEoSfg4IeHRcvnb+H1MpNuc=
-19,28,qrB7xaqOOBqeusqjZZgvw4NzX+8=,o3JEOEoSfg4IeHRcvnb+H1MpNuc=
-19,27,qrB7xaqOOBqeusqjZZgvw4NzX+8=,LW6OP5afR58qw5e19vfddMAOARs=
-20,29,qrB7xaqOOBqeusqjZZgvw4NzX+8=,o3JEOEoSfg4IeHRcvnb+H1MpNuc=
-19,29,qrB7xaqOOBqeusqjZZgvw4NzX+8=,o3JEOEoSfg4IeHRcvnb+H1MpNuc=
-18,28,qrB7xaqOOBqeusqjZZgvw4NzX+8=,o3JEOEoSfg4IeHRcvnb+H1MpNuc=
-18,29,qrB7xaqOOBqeusqjZZgvw4NzX+8=,o3JEOEoSfg4IeHRcvnb+H1MpNuc=
-17,30,qrB7xaqOOBqeusqjZZgvw4NzX+8=,o3JEOEoSfg4IeHRcvnb+H1MpNuc=
-17,29,qrB7xaqOOBqeusqjZZgvw4NzX+8=,o3JEOEoSfg4IeHRcvnb+H1MpNuc=
-19,31,qrB7xaqOOBqeusqjZZgvw4NzX+8=,o3JEOEoSfg4IeHRcvnb+H1MpNuc=
-18,31,qrB7xaqOOBqeusqjZZgvw4NzX+8=,o3JEOEoSfg4IeHRcvnb+H1MpNuc=
-17,23,qrB7xaqOOBqeusqjZZgvw4NzX+8=,FMi8YNmsiIKNDyTpwpXBrbljWJk=
-17,26,qrB7xaqOOBqeusqjZZgvw4NzX+8=,LW6OP5afR58qw5e19vfddMAOARs=
-17,28,qrB7xaqOOBqeusqjZZgvw4NzX+8=,o3JEOEoSfg4IeHRcvnb+H1MpNuc=
-17,24,qrB7xaqOOBqeusqjZZgvw4NzX+8=,LW6OP5afR58qw5e19vfddMAOARs=
-17,25,qrB7xaqOOBqeusqjZZgvw4NzX+8=,LW6OP5afR58qw5e19vfddMAOARs=
-25,18,qrB7xaqOOBqeusqjZZgvw4NzX+8=,t7ewYco9jKUz7VLEitaRrK3IZCk=
-27,17,qrB7xaqOOBqeusqjZZgvw4NzX+8=,t7ewYco9jKUz7VLEitaRrK3IZCk=
-26,17,qrB7xaqOOBqeusqjZZgvw4NzX+8=,t7ewYco9jKUz7VLEitaRrK3IZCk=
-26,18,qrB7xaqOOBqeusqjZZgvw4NzX+8=,t7ewYco9jKUz7VLEitaRrK3IZCk=
-27,18,qrB7xaqOOBqeusqjZZgvw4NzX+8=,t7ewYco9jKUz7VLEitaRrK3IZCk=
-27,16,qrB7xaqOOBqeusqjZZgvw4NzX+8=,t7ewYco9jKUz7VLEitaRrK3IZCk=
-26,16,qrB7xaqOOBqeusqjZZgvw4NzX+8=,t7ewYco9jKUz7VLEitaRrK3IZCk=
-25,16,qrB7xaqOOBqeusqjZZgvw4NzX+8=,t7ewYco9jKUz7VLEitaRrK3IZCk=
-25,17,qrB7xaqOOBqeusqjZZgvw4NzX+8=,t7ewYco9jKUz7VLEitaRrK3IZCk=
-27,19,qrB7xaqOOBqeusqjZZgvw4NzX+8=,t7ewYco9jKUz7VLEitaRrK3IZCk=
-17,27,qrB7xaqOOBqeusqjZZgvw4NzX+8=,LW6OP5afR58qw5e19vfddMAOARs=
-26,19,qrB7xaqOOBqeusqjZZgvw4NzX+8=,t7ewYco9jKUz7VLEitaRrK3IZCk=
-25,19,qrB7xaqOOBqeusqjZZgvw4NzX+8=,t7ewYco9jKUz7VLEitaRrK3IZCk=
-17,31,qrB7xaqOOBqeusqjZZgvw4NzX+8=,o3JEOEoSfg4IeHRcvnb+H1MpNuc=
-20,31,qrB7xaqOOBqeusqjZZgvw4NzX+8=,o3JEOEoSfg4IeHRcvnb+H1MpNuc=
-20,19,qrB7xaqOOBqeusqjZZgvw4NzX+8=,79EyS9eA5SQk/dcuhJRJtPJ40j8=
-19,17,qrB7xaqOOBqeusqjZZgvw4NzX+8=,79EyS9eA5SQk/dcuhJRJtPJ40j8=
-19,20,qrB7xaqOOBqeusqjZZgvw4NzX+8=,FMi8YNmsiIKNDyTpwpXBrbljWJk=
-18,20,qrB7xaqOOBqeusqjZZgvw4NzX+8=,FMi8YNmsiIKNDyTpwpXBrbljWJk=
-17,20,qrB7xaqOOBqeusqjZZgvw4NzX+8=,FMi8YNmsiIKNDyTpwpXBrbljWJk=
-20,16,qrB7xaqOOBqeusqjZZgvw4NzX+8=,79EyS9eA5SQk/dcuhJRJtPJ40j8=
-19,19,qrB7xaqOOBqeusqjZZgvw4NzX+8=,79EyS9eA5SQk/dcuhJRJtPJ40j8=
-18,17,qrB7xaqOOBqeusqjZZgvw4NzX+8=,79EyS9eA5SQk/dcuhJRJtPJ40j8=
-18,19,qrB7xaqOOBqeusqjZZgvw4NzX+8=,79EyS9eA5SQk/dcuhJRJtPJ40j8=
-20,20,qrB7xaqOOBqeusqjZZgvw4NzX+8=,FMi8YNmsiIKNDyTpwpXBrbljWJk=
-17,17,qrB7xaqOOBqeusqjZZgvw4NzX+8=,79EyS9eA5SQk/dcuhJRJtPJ40j8=
-20,18,qrB7xaqOOBqeusqjZZgvw4NzX+8=,79EyS9eA5SQk/dcuhJRJtPJ40j8=
-17,18,qrB7xaqOOBqeusqjZZgvw4NzX+8=,79EyS9eA5SQk/dcuhJRJtPJ40j8=
-17,19,qrB7xaqOOBqeusqjZZgvw4NzX+8=,79EyS9eA5SQk/dcuhJRJtPJ40j8=
-17,16,qrB7xaqOOBqeusqjZZgvw4NzX+8=,79EyS9eA5SQk/dcuhJRJtPJ40j8=
-19,18,qrB7xaqOOBqeusqjZZgvw4NzX+8=,79EyS9eA5SQk/dcuhJRJtPJ40j8=
-19,16,qrB7xaqOOBqeusqjZZgvw4NzX+8=,79EyS9eA5SQk/dcuhJRJtPJ40j8=
-18,16,qrB7xaqOOBqeusqjZZgvw4NzX+8=,79EyS9eA5SQk/dcuhJRJtPJ40j8=
-18,18,qrB7xaqOOBqeusqjZZgvw4NzX+8=,79EyS9eA5SQk/dcuhJRJtPJ40j8=
-20,17,qrB7xaqOOBqeusqjZZgvw4NzX+8=,79EyS9eA5SQk/dcuhJRJtPJ40j8=
-28,16,qrB7xaqOOBqeusqjZZgvw4NzX+8=,t7ewYco9jKUz7VLEitaRrK3IZCk=
-28,18,qrB7xaqOOBqeusqjZZgvw4NzX+8=,t7ewYco9jKUz7VLEitaRrK3IZCk=
-29,18,qrB7xaqOOBqeusqjZZgvw4NzX+8=,Nn37e4PsiL8oQlPJOtIjlGn4ep0=
-29,16,qrB7xaqOOBqeusqjZZgvw4NzX+8=,Nn37e4PsiL8oQlPJOtIjlGn4ep0=
-28,17,qrB7xaqOOBqeusqjZZgvw4NzX+8=,t7ewYco9jKUz7VLEitaRrK3IZCk=
-29,17,qrB7xaqOOBqeusqjZZgvw4NzX+8=,Nn37e4PsiL8oQlPJOtIjlGn4ep0=
-29,19,qrB7xaqOOBqeusqjZZgvw4NzX+8=,Nn37e4PsiL8oQlPJOtIjlGn4ep0=
-31,17,qrB7xaqOOBqeusqjZZgvw4NzX+8=,Nn37e4PsiL8oQlPJOtIjlGn4ep0=
-31,18,qrB7xaqOOBqeusqjZZgvw4NzX+8=,Nn37e4PsiL8oQlPJOtIjlGn4ep0=
-30,16,qrB7xaqOOBqeusqjZZgvw4NzX+8=,Nn37e4PsiL8oQlPJOtIjlGn4ep0=
-30,17,qrB7xaqOOBqeusqjZZgvw4NzX+8=,Nn37e4PsiL8oQlPJOtIjlGn4ep0=
-30,19,qrB7xaqOOBqeusqjZZgvw4NzX+8=,Nn37e4PsiL8oQlPJOtIjlGn4ep0=
-30,18,qrB7xaqOOBqeusqjZZgvw4NzX+8=,Nn37e4PsiL8oQlPJOtIjlGn4ep0=
-31,19,qrB7xaqOOBqeusqjZZgvw4NzX+8=,Nn37e4PsiL8oQlPJOtIjlGn4ep0=
-32,19,qrB7xaqOOBqeusqjZZgvw4NzX+8=,Nn37e4PsiL8oQlPJOtIjlGn4ep0=
-28,19,qrB7xaqOOBqeusqjZZgvw4NzX+8=,t7ewYco9jKUz7VLEitaRrK3IZCk=
-32,17,qrB7xaqOOBqeusqjZZgvw4NzX+8=,Nn37e4PsiL8oQlPJOtIjlGn4ep0=
-32,18,qrB7xaqOOBqeusqjZZgvw4NzX+8=,Nn37e4PsiL8oQlPJOtIjlGn4ep0=
-32,16,qrB7xaqOOBqeusqjZZgvw4NzX+8=,Nn37e4PsiL8oQlPJOtIjlGn4ep0=
-31,16,qrB7xaqOOBqeusqjZZgvw4NzX+8=,Nn37e4PsiL8oQlPJOtIjlGn4ep0=
-3,17,DbcGFamrpNCgznz8FI6dd/T8GEE=,Io/ibZ9s52EQFUfRpx0tSRx9eqY=
-2,18,DbcGFamrpNCgznz8FI6dd/T8GEE=,Io/ibZ9s52EQFUfRpx0tSRx9eqY=
-2,16,DbcGFamrpNCgznz8FI6dd/T8GEE=,Io/ibZ9s52EQFUfRpx0tSRx9eqY=
-3,18,DbcGFamrpNCgznz8FI6dd/T8GEE=,Io/ibZ9s52EQFUfRpx0tSRx9eqY=
-3,16,DbcGFamrpNCgznz8FI6dd/T8GEE=,Io/ibZ9s52EQFUfRpx0tSRx9eqY=
-2,17,DbcGFamrpNCgznz8FI6dd/T8GEE=,Io/ibZ9s52EQFUfRpx0tSRx9eqY=
-7,21,7fFsApPpvGYjGwgQIFQA4nzXzwQ=,pIVv4HGzkkxAL9s9rpeCs8yz7Og=
-6,22,7fFsApPpvGYjGwgQIFQA4nzXzwQ=,pIVv4HGzkkxAL9s9rpeCs8yz7Og=
-6,21,7fFsApPpvGYjGwgQIFQA4nzXzwQ=,pIVv4HGzkkxAL9s9rpeCs8yz7Og=
-7,22,7fFsApPpvGYjGwgQIFQA4nzXzwQ=,pIVv4HGzkkxAL9s9rpeCs8yz7Og=
-4,17,7fFsApPpvGYjGwgQIFQA4nzXzwQ=,Io/ibZ9s52EQFUfRpx0tSRx9eqY=
-6,20,7fFsApPpvGYjGwgQIFQA4nzXzwQ=,pIVv4HGzkkxAL9s9rpeCs8yz7Og=
-7,20,7fFsApPpvGYjGwgQIFQA4nzXzwQ=,pIVv4HGzkkxAL9s9rpeCs8yz7Og=
-5,18,7fFsApPpvGYjGwgQIFQA4nzXzwQ=,aqquqUmla2luVGXAaa5+kdhqP3Q=
-6,18,7fFsApPpvGYjGwgQIFQA4nzXzwQ=,aqquqUmla2luVGXAaa5+kdhqP3Q=
-6,19,7fFsApPpvGYjGwgQIFQA4nzXzwQ=,aqquqUmla2luVGXAaa5+kdhqP3Q=
-4,18,7fFsApPpvGYjGwgQIFQA4nzXzwQ=,Io/ibZ9s52EQFUfRpx0tSRx9eqY=
-7,18,7fFsApPpvGYjGwgQIFQA4nzXzwQ=,aqquqUmla2luVGXAaa5+kdhqP3Q=
-5,17,7fFsApPpvGYjGwgQIFQA4nzXzwQ=,aqquqUmla2luVGXAaa5+kdhqP3Q=
-7,19,7fFsApPpvGYjGwgQIFQA4nzXzwQ=,aqquqUmla2luVGXAaa5+kdhqP3Q=
-7,17,7fFsApPpvGYjGwgQIFQA4nzXzwQ=,aqquqUmla2luVGXAaa5+kdhqP3Q=
-6,17,7fFsApPpvGYjGwgQIFQA4nzXzwQ=,aqquqUmla2luVGXAaa5+kdhqP3Q=
-7,23,7fFsApPpvGYjGwgQIFQA4nzXzwQ=,pIVv4HGzkkxAL9s9rpeCs8yz7Og=
-6,23,7fFsApPpvGYjGwgQIFQA4nzXzwQ=,pIVv4HGzkkxAL9s9rpeCs8yz7Og=
-7,25,7fFsApPpvGYjGwgQIFQA4nzXzwQ=,aoYWgTO5KzNOIBzsdSD3OVCl9Tg=
-6,25,7fFsApPpvGYjGwgQIFQA4nzXzwQ=,aoYWgTO5KzNOIBzsdSD3OVCl9Tg=
-7,24,7fFsApPpvGYjGwgQIFQA4nzXzwQ=,aoYWgTO5KzNOIBzsdSD3OVCl9Tg=
-7,26,7fFsApPpvGYjGwgQIFQA4nzXzwQ=,aoYWgTO5KzNOIBzsdSD3OVCl9Tg=
-6,24,7fFsApPpvGYjGwgQIFQA4nzXzwQ=,aoYWgTO5KzNOIBzsdSD3OVCl9Tg=
-6,26,7fFsApPpvGYjGwgQIFQA4nzXzwQ=,aoYWgTO5KzNOIBzsdSD3OVCl9Tg=
-3,29,7fFsApPpvGYjGwgQIFQA4nzXzwQ=,8FgtZiIaNPlWtxC684PzbXt1frY=
-2,29,7fFsApPpvGYjGwgQIFQA4nzXzwQ=,8FgtZiIaNPlWtxC684PzbXt1frY=
-3,30,7fFsApPpvGYjGwgQIFQA4nzXzwQ=,8FgtZiIaNPlWtxC684PzbXt1frY=
-2,30,7fFsApPpvGYjGwgQIFQA4nzXzwQ=,8FgtZiIaNPlWtxC684PzbXt1frY=
-4,20,7fFsApPpvGYjGwgQIFQA4nzXzwQ=,+yrnjbXdL+ihY9EIi3ZJ0hEz0mI=
-5,22,7fFsApPpvGYjGwgQIFQA4nzXzwQ=,pIVv4HGzkkxAL9s9rpeCs8yz7Og=
-5,20,7fFsApPpvGYjGwgQIFQA4nzXzwQ=,pIVv4HGzkkxAL9s9rpeCs8yz7Og=
-2,22,7fFsApPpvGYjGwgQIFQA4nzXzwQ=,+yrnjbXdL+ihY9EIi3ZJ0hEz0mI=
-4,22,7fFsApPpvGYjGwgQIFQA4nzXzwQ=,+yrnjbXdL+ihY9EIi3ZJ0hEz0mI=
-3,21,7fFsApPpvGYjGwgQIFQA4nzXzwQ=,+yrnjbXdL+ihY9EIi3ZJ0hEz0mI=
-4,21,7fFsApPpvGYjGwgQIFQA4nzXzwQ=,+yrnjbXdL+ihY9EIi3ZJ0hEz0mI=
-2,20,7fFsApPpvGYjGwgQIFQA4nzXzwQ=,+yrnjbXdL+ihY9EIi3ZJ0hEz0mI=
-2,19,7fFsApPpvGYjGwgQIFQA4nzXzwQ=,Io/ibZ9s52EQFUfRpx0tSRx9eqY=
-5,21,7fFsApPpvGYjGwgQIFQA4nzXzwQ=,pIVv4HGzkkxAL9s9rpeCs8yz7Og=
-5,19,7fFsApPpvGYjGwgQIFQA4nzXzwQ=,aqquqUmla2luVGXAaa5+kdhqP3Q=
-3,19,7fFsApPpvGYjGwgQIFQA4nzXzwQ=,Io/ibZ9s52EQFUfRpx0tSRx9eqY=
-3,20,7fFsApPpvGYjGwgQIFQA4nzXzwQ=,+yrnjbXdL+ihY9EIi3ZJ0hEz0mI=
-4,19,7fFsApPpvGYjGwgQIFQA4nzXzwQ=,Io/ibZ9s52EQFUfRpx0tSRx9eqY=
-3,22,7fFsApPpvGYjGwgQIFQA4nzXzwQ=,+yrnjbXdL+ihY9EIi3ZJ0hEz0mI=
-2,21,7fFsApPpvGYjGwgQIFQA4nzXzwQ=,+yrnjbXdL+ihY9EIi3ZJ0hEz0mI=
-10,26,7fFsApPpvGYjGwgQIFQA4nzXzwQ=,4SJ1VUL+ba5bWbPoPrEXpVrx9Nk=
-8,26,7fFsApPpvGYjGwgQIFQA4nzXzwQ=,aoYWgTO5KzNOIBzsdSD3OVCl9Tg=
-11,26,7fFsApPpvGYjGwgQIFQA4nzXzwQ=,4SJ1VUL+ba5bWbPoPrEXpVrx9Nk=
-9,26,7fFsApPpvGYjGwgQIFQA4nzXzwQ=,4SJ1VUL+ba5bWbPoPrEXpVrx9Nk=
-9,25,7fFsApPpvGYjGwgQIFQA4nzXzwQ=,4SJ1VUL+ba5bWbPoPrEXpVrx9Nk=
-10,25,7fFsApPpvGYjGwgQIFQA4nzXzwQ=,4SJ1VUL+ba5bWbPoPrEXpVrx9Nk=
-8,25,7fFsApPpvGYjGwgQIFQA4nzXzwQ=,aoYWgTO5KzNOIBzsdSD3OVCl9Tg=
-11,25,7fFsApPpvGYjGwgQIFQA4nzXzwQ=,4SJ1VUL+ba5bWbPoPrEXpVrx9Nk=
-2,26,7fFsApPpvGYjGwgQIFQA4nzXzwQ=,5CoC9tY6SvunqsTbIlycgztwt5Q=
-3,27,7fFsApPpvGYjGwgQIFQA4nzXzwQ=,5CoC9tY6SvunqsTbIlycgztwt5Q=
-5,23,7fFsApPpvGYjGwgQIFQA4nzXzwQ=,pIVv4HGzkkxAL9s9rpeCs8yz7Og=
-3,28,7fFsApPpvGYjGwgQIFQA4nzXzwQ=,8FgtZiIaNPlWtxC684PzbXt1frY=
-4,25,7fFsApPpvGYjGwgQIFQA4nzXzwQ=,5CoC9tY6SvunqsTbIlycgztwt5Q=
-2,28,7fFsApPpvGYjGwgQIFQA4nzXzwQ=,8FgtZiIaNPlWtxC684PzbXt1frY=
-5,26,7fFsApPpvGYjGwgQIFQA4nzXzwQ=,aoYWgTO5KzNOIBzsdSD3OVCl9Tg=
-4,23,7fFsApPpvGYjGwgQIFQA4nzXzwQ=,+yrnjbXdL+ihY9EIi3ZJ0hEz0mI=
-3,25,7fFsApPpvGYjGwgQIFQA4nzXzwQ=,5CoC9tY6SvunqsTbIlycgztwt5Q=
-5,24,7fFsApPpvGYjGwgQIFQA4nzXzwQ=,aoYWgTO5KzNOIBzsdSD3OVCl9Tg=
-3,23,7fFsApPpvGYjGwgQIFQA4nzXzwQ=,+yrnjbXdL+ihY9EIi3ZJ0hEz0mI=
-4,26,7fFsApPpvGYjGwgQIFQA4nzXzwQ=,5CoC9tY6SvunqsTbIlycgztwt5Q=
-5,25,7fFsApPpvGYjGwgQIFQA4nzXzwQ=,aoYWgTO5KzNOIBzsdSD3OVCl9Tg=
-3,26,7fFsApPpvGYjGwgQIFQA4nzXzwQ=,5CoC9tY6SvunqsTbIlycgztwt5Q=
-2,27,7fFsApPpvGYjGwgQIFQA4nzXzwQ=,5CoC9tY6SvunqsTbIlycgztwt5Q=
-2,23,7fFsApPpvGYjGwgQIFQA4nzXzwQ=,+yrnjbXdL+ihY9EIi3ZJ0hEz0mI=
-2,24,7fFsApPpvGYjGwgQIFQA4nzXzwQ=,5CoC9tY6SvunqsTbIlycgztwt5Q=
-4,24,7fFsApPpvGYjGwgQIFQA4nzXzwQ=,5CoC9tY6SvunqsTbIlycgztwt5Q=
-3,24,7fFsApPpvGYjGwgQIFQA4nzXzwQ=,5CoC9tY6SvunqsTbIlycgztwt5Q=
-2,25,7fFsApPpvGYjGwgQIFQA4nzXzwQ=,5CoC9tY6SvunqsTbIlycgztwt5Q=
-13,26,7fFsApPpvGYjGwgQIFQA4nzXzwQ=,86ilw/uS5LlByJVY9L9R0XgdaIQ=
-12,25,7fFsApPpvGYjGwgQIFQA4nzXzwQ=,4SJ1VUL+ba5bWbPoPrEXpVrx9Nk=
-12,26,7fFsApPpvGYjGwgQIFQA4nzXzwQ=,4SJ1VUL+ba5bWbPoPrEXpVrx9Nk=
-15,26,7fFsApPpvGYjGwgQIFQA4nzXzwQ=,86ilw/uS5LlByJVY9L9R0XgdaIQ=
-15,25,7fFsApPpvGYjGwgQIFQA4nzXzwQ=,86ilw/uS5LlByJVY9L9R0XgdaIQ=
-13,25,7fFsApPpvGYjGwgQIFQA4nzXzwQ=,86ilw/uS5LlByJVY9L9R0XgdaIQ=
-14,25,7fFsApPpvGYjGwgQIFQA4nzXzwQ=,86ilw/uS5LlByJVY9L9R0XgdaIQ=
-14,26,7fFsApPpvGYjGwgQIFQA4nzXzwQ=,86ilw/uS5LlByJVY9L9R0XgdaIQ=
-11,28,7fFsApPpvGYjGwgQIFQA4nzXzwQ=,eCWrpkMgVi3qeIx7zW8294XSNGI=
-10,28,7fFsApPpvGYjGwgQIFQA4nzXzwQ=,eCWrpkMgVi3qeIx7zW8294XSNGI=
-11,27,7fFsApPpvGYjGwgQIFQA4nzXzwQ=,4SJ1VUL+ba5bWbPoPrEXpVrx9Nk=
-10,27,7fFsApPpvGYjGwgQIFQA4nzXzwQ=,4SJ1VUL+ba5bWbPoPrEXpVrx9Nk=
-10,30,7fFsApPpvGYjGwgQIFQA4nzXzwQ=,eCWrpkMgVi3qeIx7zW8294XSNGI=
-11,29,7fFsApPpvGYjGwgQIFQA4nzXzwQ=,eCWrpkMgVi3qeIx7zW8294XSNGI=
-10,29,7fFsApPpvGYjGwgQIFQA4nzXzwQ=,eCWrpkMgVi3qeIx7zW8294XSNGI=
-5,30,7fFsApPpvGYjGwgQIFQA4nzXzwQ=,Ol4emKNtdD65HcrfU/ocZ8xXuwQ=
-11,30,7fFsApPpvGYjGwgQIFQA4nzXzwQ=,eCWrpkMgVi3qeIx7zW8294XSNGI=
-4,27,7fFsApPpvGYjGwgQIFQA4nzXzwQ=,5CoC9tY6SvunqsTbIlycgztwt5Q=
-6,30,7fFsApPpvGYjGwgQIFQA4nzXzwQ=,Ol4emKNtdD65HcrfU/ocZ8xXuwQ=
-4,30,7fFsApPpvGYjGwgQIFQA4nzXzwQ=,8FgtZiIaNPlWtxC684PzbXt1frY=
-4,28,7fFsApPpvGYjGwgQIFQA4nzXzwQ=,8FgtZiIaNPlWtxC684PzbXt1frY=
-9,30,7fFsApPpvGYjGwgQIFQA4nzXzwQ=,eCWrpkMgVi3qeIx7zW8294XSNGI=
-7,30,7fFsApPpvGYjGwgQIFQA4nzXzwQ=,Ol4emKNtdD65HcrfU/ocZ8xXuwQ=
-8,27,7fFsApPpvGYjGwgQIFQA4nzXzwQ=,aoYWgTO5KzNOIBzsdSD3OVCl9Tg=
-8,30,7fFsApPpvGYjGwgQIFQA4nzXzwQ=,Ol4emKNtdD65HcrfU/ocZ8xXuwQ=
-7,27,7fFsApPpvGYjGwgQIFQA4nzXzwQ=,aoYWgTO5KzNOIBzsdSD3OVCl9Tg=
-9,29,7fFsApPpvGYjGwgQIFQA4nzXzwQ=,eCWrpkMgVi3qeIx7zW8294XSNGI=
-6,27,7fFsApPpvGYjGwgQIFQA4nzXzwQ=,aoYWgTO5KzNOIBzsdSD3OVCl9Tg=
-5,29,7fFsApPpvGYjGwgQIFQA4nzXzwQ=,Ol4emKNtdD65HcrfU/ocZ8xXuwQ=
-6,29,7fFsApPpvGYjGwgQIFQA4nzXzwQ=,Ol4emKNtdD65HcrfU/ocZ8xXuwQ=
-5,27,7fFsApPpvGYjGwgQIFQA4nzXzwQ=,aoYWgTO5KzNOIBzsdSD3OVCl9Tg=
-8,28,7fFsApPpvGYjGwgQIFQA4nzXzwQ=,Ol4emKNtdD65HcrfU/ocZ8xXuwQ=
-4,29,7fFsApPpvGYjGwgQIFQA4nzXzwQ=,8FgtZiIaNPlWtxC684PzbXt1frY=
-7,29,7fFsApPpvGYjGwgQIFQA4nzXzwQ=,Ol4emKNtdD65HcrfU/ocZ8xXuwQ=
-9,27,7fFsApPpvGYjGwgQIFQA4nzXzwQ=,4SJ1VUL+ba5bWbPoPrEXpVrx9Nk=
-7,28,7fFsApPpvGYjGwgQIFQA4nzXzwQ=,Ol4emKNtdD65HcrfU/ocZ8xXuwQ=
-6,28,7fFsApPpvGYjGwgQIFQA4nzXzwQ=,Ol4emKNtdD65HcrfU/ocZ8xXuwQ=
-8,29,7fFsApPpvGYjGwgQIFQA4nzXzwQ=,Ol4emKNtdD65HcrfU/ocZ8xXuwQ=
-9,28,7fFsApPpvGYjGwgQIFQA4nzXzwQ=,eCWrpkMgVi3qeIx7zW8294XSNGI=
-5,28,7fFsApPpvGYjGwgQIFQA4nzXzwQ=,Ol4emKNtdD65HcrfU/ocZ8xXuwQ=
-8,23,7fFsApPpvGYjGwgQIFQA4nzXzwQ=,pIVv4HGzkkxAL9s9rpeCs8yz7Og=
-9,24,7fFsApPpvGYjGwgQIFQA4nzXzwQ=,4SJ1VUL+ba5bWbPoPrEXpVrx9Nk=
-10,24,7fFsApPpvGYjGwgQIFQA4nzXzwQ=,4SJ1VUL+ba5bWbPoPrEXpVrx9Nk=
-11,24,7fFsApPpvGYjGwgQIFQA4nzXzwQ=,4SJ1VUL+ba5bWbPoPrEXpVrx9Nk=
-8,22,7fFsApPpvGYjGwgQIFQA4nzXzwQ=,pIVv4HGzkkxAL9s9rpeCs8yz7Og=
-8,21,7fFsApPpvGYjGwgQIFQA4nzXzwQ=,pIVv4HGzkkxAL9s9rpeCs8yz7Og=
-8,17,7fFsApPpvGYjGwgQIFQA4nzXzwQ=,aqquqUmla2luVGXAaa5+kdhqP3Q=
-8,19,7fFsApPpvGYjGwgQIFQA4nzXzwQ=,aqquqUmla2luVGXAaa5+kdhqP3Q=
-8,24,7fFsApPpvGYjGwgQIFQA4nzXzwQ=,aoYWgTO5KzNOIBzsdSD3OVCl9Tg=
-15,29,7fFsApPpvGYjGwgQIFQA4nzXzwQ=,fu0m1eAMDxhyQJubbqgqXDArOdg=
-12,28,7fFsApPpvGYjGwgQIFQA4nzXzwQ=,eCWrpkMgVi3qeIx7zW8294XSNGI=
-8,18,7fFsApPpvGYjGwgQIFQA4nzXzwQ=,aqquqUmla2luVGXAaa5+kdhqP3Q=
-13,28,7fFsApPpvGYjGwgQIFQA4nzXzwQ=,fu0m1eAMDxhyQJubbqgqXDArOdg=
-12,27,7fFsApPpvGYjGwgQIFQA4nzXzwQ=,4SJ1VUL+ba5bWbPoPrEXpVrx9Nk=
-14,29,7fFsApPpvGYjGwgQIFQA4nzXzwQ=,fu0m1eAMDxhyQJubbqgqXDArOdg=
-15,27,7fFsApPpvGYjGwgQIFQA4nzXzwQ=,86ilw/uS5LlByJVY9L9R0XgdaIQ=
-13,29,7fFsApPpvGYjGwgQIFQA4nzXzwQ=,fu0m1eAMDxhyQJubbqgqXDArOdg=
-15,30,7fFsApPpvGYjGwgQIFQA4nzXzwQ=,fu0m1eAMDxhyQJubbqgqXDArOdg=
-14,30,7fFsApPpvGYjGwgQIFQA4nzXzwQ=,fu0m1eAMDxhyQJubbqgqXDArOdg=
-12,29,7fFsApPpvGYjGwgQIFQA4nzXzwQ=,eCWrpkMgVi3qeIx7zW8294XSNGI=
-14,27,7fFsApPpvGYjGwgQIFQA4nzXzwQ=,86ilw/uS5LlByJVY9L9R0XgdaIQ=
-13,27,7fFsApPpvGYjGwgQIFQA4nzXzwQ=,86ilw/uS5LlByJVY9L9R0XgdaIQ=
-13,30,7fFsApPpvGYjGwgQIFQA4nzXzwQ=,fu0m1eAMDxhyQJubbqgqXDArOdg=
-14,28,7fFsApPpvGYjGwgQIFQA4nzXzwQ=,fu0m1eAMDxhyQJubbqgqXDArOdg=
-15,28,7fFsApPpvGYjGwgQIFQA4nzXzwQ=,fu0m1eAMDxhyQJubbqgqXDArOdg=
-12,30,7fFsApPpvGYjGwgQIFQA4nzXzwQ=,eCWrpkMgVi3qeIx7zW8294XSNGI=
-8,20,7fFsApPpvGYjGwgQIFQA4nzXzwQ=,pIVv4HGzkkxAL9s9rpeCs8yz7Og=
-16,29,7fFsApPpvGYjGwgQIFQA4nzXzwQ=,fu0m1eAMDxhyQJubbqgqXDArOdg=
-16,30,7fFsApPpvGYjGwgQIFQA4nzXzwQ=,fu0m1eAMDxhyQJubbqgqXDArOdg=
-14,17,7fFsApPpvGYjGwgQIFQA4nzXzwQ=,WEoqBKu+ta63A3Kn8L1Bsa5YWMo=
-14,18,7fFsApPpvGYjGwgQIFQA4nzXzwQ=,WEoqBKu+ta63A3Kn8L1Bsa5YWMo=
-14,16,7fFsApPpvGYjGwgQIFQA4nzXzwQ=,WEoqBKu+ta63A3Kn8L1Bsa5YWMo=
-16,27,7fFsApPpvGYjGwgQIFQA4nzXzwQ=,86ilw/uS5LlByJVY9L9R0XgdaIQ=
-13,18,7fFsApPpvGYjGwgQIFQA4nzXzwQ=,WEoqBKu+ta63A3Kn8L1Bsa5YWMo=
-13,17,7fFsApPpvGYjGwgQIFQA4nzXzwQ=,WEoqBKu+ta63A3Kn8L1Bsa5YWMo=
-16,16,7fFsApPpvGYjGwgQIFQA4nzXzwQ=,WEoqBKu+ta63A3Kn8L1Bsa5YWMo=
-13,16,7fFsApPpvGYjGwgQIFQA4nzXzwQ=,WEoqBKu+ta63A3Kn8L1Bsa5YWMo=
-15,16,7fFsApPpvGYjGwgQIFQA4nzXzwQ=,WEoqBKu+ta63A3Kn8L1Bsa5YWMo=
-16,17,7fFsApPpvGYjGwgQIFQA4nzXzwQ=,WEoqBKu+ta63A3Kn8L1Bsa5YWMo=
-15,17,7fFsApPpvGYjGwgQIFQA4nzXzwQ=,WEoqBKu+ta63A3Kn8L1Bsa5YWMo=
-16,26,7fFsApPpvGYjGwgQIFQA4nzXzwQ=,86ilw/uS5LlByJVY9L9R0XgdaIQ=
-16,28,7fFsApPpvGYjGwgQIFQA4nzXzwQ=,fu0m1eAMDxhyQJubbqgqXDArOdg=
-1,17,7fFsApPpvGYjGwgQIFQA4nzXzwQ=,Io/ibZ9s52EQFUfRpx0tSRx9eqY=
-1,18,7fFsApPpvGYjGwgQIFQA4nzXzwQ=,Io/ibZ9s52EQFUfRpx0tSRx9eqY=
-1,16,7fFsApPpvGYjGwgQIFQA4nzXzwQ=,Io/ibZ9s52EQFUfRpx0tSRx9eqY=
-16,18,7fFsApPpvGYjGwgQIFQA4nzXzwQ=,WEoqBKu+ta63A3Kn8L1Bsa5YWMo=
-15,18,7fFsApPpvGYjGwgQIFQA4nzXzwQ=,WEoqBKu+ta63A3Kn8L1Bsa5YWMo=
-1,29,7fFsApPpvGYjGwgQIFQA4nzXzwQ=,8FgtZiIaNPlWtxC684PzbXt1frY=
-1,30,7fFsApPpvGYjGwgQIFQA4nzXzwQ=,8FgtZiIaNPlWtxC684PzbXt1frY=
-3,31,7fFsApPpvGYjGwgQIFQA4nzXzwQ=,8FgtZiIaNPlWtxC684PzbXt1frY=
-2,31,7fFsApPpvGYjGwgQIFQA4nzXzwQ=,8FgtZiIaNPlWtxC684PzbXt1frY=
-16,25,7fFsApPpvGYjGwgQIFQA4nzXzwQ=,86ilw/uS5LlByJVY9L9R0XgdaIQ=
-1,28,7fFsApPpvGYjGwgQIFQA4nzXzwQ=,8FgtZiIaNPlWtxC684PzbXt1frY=
-1,27,7fFsApPpvGYjGwgQIFQA4nzXzwQ=,5CoC9tY6SvunqsTbIlycgztwt5Q=
-1,26,7fFsApPpvGYjGwgQIFQA4nzXzwQ=,5CoC9tY6SvunqsTbIlycgztwt5Q=
-1,25,7fFsApPpvGYjGwgQIFQA4nzXzwQ=,5CoC9tY6SvunqsTbIlycgztwt5Q=
-8,16,7fFsApPpvGYjGwgQIFQA4nzXzwQ=,aqquqUmla2luVGXAaa5+kdhqP3Q=
-4,16,7fFsApPpvGYjGwgQIFQA4nzXzwQ=,Io/ibZ9s52EQFUfRpx0tSRx9eqY=
-7,16,7fFsApPpvGYjGwgQIFQA4nzXzwQ=,aqquqUmla2luVGXAaa5+kdhqP3Q=
-5,16,7fFsApPpvGYjGwgQIFQA4nzXzwQ=,aqquqUmla2luVGXAaa5+kdhqP3Q=
-6,16,7fFsApPpvGYjGwgQIFQA4nzXzwQ=,aqquqUmla2luVGXAaa5+kdhqP3Q=
-1,19,7fFsApPpvGYjGwgQIFQA4nzXzwQ=,Io/ibZ9s52EQFUfRpx0tSRx9eqY=
-1,24,7fFsApPpvGYjGwgQIFQA4nzXzwQ=,5CoC9tY6SvunqsTbIlycgztwt5Q=
-1,22,7fFsApPpvGYjGwgQIFQA4nzXzwQ=,+yrnjbXdL+ihY9EIi3ZJ0hEz0mI=
-1,23,7fFsApPpvGYjGwgQIFQA4nzXzwQ=,+yrnjbXdL+ihY9EIi3ZJ0hEz0mI=
-1,21,7fFsApPpvGYjGwgQIFQA4nzXzwQ=,+yrnjbXdL+ihY9EIi3ZJ0hEz0mI=
-1,20,7fFsApPpvGYjGwgQIFQA4nzXzwQ=,+yrnjbXdL+ihY9EIi3ZJ0hEz0mI=
-15,31,7fFsApPpvGYjGwgQIFQA4nzXzwQ=,fu0m1eAMDxhyQJubbqgqXDArOdg=
-14,31,7fFsApPpvGYjGwgQIFQA4nzXzwQ=,fu0m1eAMDxhyQJubbqgqXDArOdg=
-13,31,7fFsApPpvGYjGwgQIFQA4nzXzwQ=,fu0m1eAMDxhyQJubbqgqXDArOdg=
-12,31,7fFsApPpvGYjGwgQIFQA4nzXzwQ=,eCWrpkMgVi3qeIx7zW8294XSNGI=
-16,31,7fFsApPpvGYjGwgQIFQA4nzXzwQ=,fu0m1eAMDxhyQJubbqgqXDArOdg=
-11,31,7fFsApPpvGYjGwgQIFQA4nzXzwQ=,eCWrpkMgVi3qeIx7zW8294XSNGI=
-1,31,7fFsApPpvGYjGwgQIFQA4nzXzwQ=,8FgtZiIaNPlWtxC684PzbXt1frY=
-10,31,7fFsApPpvGYjGwgQIFQA4nzXzwQ=,eCWrpkMgVi3qeIx7zW8294XSNGI=
-4,31,7fFsApPpvGYjGwgQIFQA4nzXzwQ=,8FgtZiIaNPlWtxC684PzbXt1frY=
-8,31,7fFsApPpvGYjGwgQIFQA4nzXzwQ=,Ol4emKNtdD65HcrfU/ocZ8xXuwQ=
-7,31,7fFsApPpvGYjGwgQIFQA4nzXzwQ=,Ol4emKNtdD65HcrfU/ocZ8xXuwQ=
-5,31,7fFsApPpvGYjGwgQIFQA4nzXzwQ=,Ol4emKNtdD65HcrfU/ocZ8xXuwQ=
-6,31,7fFsApPpvGYjGwgQIFQA4nzXzwQ=,Ol4emKNtdD65HcrfU/ocZ8xXuwQ=
-13,24,7fFsApPpvGYjGwgQIFQA4nzXzwQ=,86ilw/uS5LlByJVY9L9R0XgdaIQ=
-14,19,7fFsApPpvGYjGwgQIFQA4nzXzwQ=,WEoqBKu+ta63A3Kn8L1Bsa5YWMo=
-13,21,7fFsApPpvGYjGwgQIFQA4nzXzwQ=,y+2QE7C+/FIWaxJfViHbk6yXPnQ=
-13,19,7fFsApPpvGYjGwgQIFQA4nzXzwQ=,WEoqBKu+ta63A3Kn8L1Bsa5YWMo=
-13,20,7fFsApPpvGYjGwgQIFQA4nzXzwQ=,y+2QE7C+/FIWaxJfViHbk6yXPnQ=
-14,21,7fFsApPpvGYjGwgQIFQA4nzXzwQ=,y+2QE7C+/FIWaxJfViHbk6yXPnQ=
-15,19,7fFsApPpvGYjGwgQIFQA4nzXzwQ=,WEoqBKu+ta63A3Kn8L1Bsa5YWMo=
-14,24,7fFsApPpvGYjGwgQIFQA4nzXzwQ=,86ilw/uS5LlByJVY9L9R0XgdaIQ=
-14,20,7fFsApPpvGYjGwgQIFQA4nzXzwQ=,y+2QE7C+/FIWaxJfViHbk6yXPnQ=
-14,22,7fFsApPpvGYjGwgQIFQA4nzXzwQ=,y+2QE7C+/FIWaxJfViHbk6yXPnQ=
-15,22,7fFsApPpvGYjGwgQIFQA4nzXzwQ=,y+2QE7C+/FIWaxJfViHbk6yXPnQ=
-15,24,7fFsApPpvGYjGwgQIFQA4nzXzwQ=,86ilw/uS5LlByJVY9L9R0XgdaIQ=
-15,20,7fFsApPpvGYjGwgQIFQA4nzXzwQ=,y+2QE7C+/FIWaxJfViHbk6yXPnQ=
-12,24,7fFsApPpvGYjGwgQIFQA4nzXzwQ=,4SJ1VUL+ba5bWbPoPrEXpVrx9Nk=
-16,24,7fFsApPpvGYjGwgQIFQA4nzXzwQ=,86ilw/uS5LlByJVY9L9R0XgdaIQ=
-9,31,7fFsApPpvGYjGwgQIFQA4nzXzwQ=,eCWrpkMgVi3qeIx7zW8294XSNGI=
-13,23,7fFsApPpvGYjGwgQIFQA4nzXzwQ=,y+2QE7C+/FIWaxJfViHbk6yXPnQ=
-14,23,7fFsApPpvGYjGwgQIFQA4nzXzwQ=,y+2QE7C+/FIWaxJfViHbk6yXPnQ=
-15,21,7fFsApPpvGYjGwgQIFQA4nzXzwQ=,y+2QE7C+/FIWaxJfViHbk6yXPnQ=
-16,23,7fFsApPpvGYjGwgQIFQA4nzXzwQ=,y+2QE7C+/FIWaxJfViHbk6yXPnQ=
-13,22,7fFsApPpvGYjGwgQIFQA4nzXzwQ=,y+2QE7C+/FIWaxJfViHbk6yXPnQ=
-16,19,7fFsApPpvGYjGwgQIFQA4nzXzwQ=,WEoqBKu+ta63A3Kn8L1Bsa5YWMo=
-15,23,7fFsApPpvGYjGwgQIFQA4nzXzwQ=,y+2QE7C+/FIWaxJfViHbk6yXPnQ=
-16,21,7fFsApPpvGYjGwgQIFQA4nzXzwQ=,y+2QE7C+/FIWaxJfViHbk6yXPnQ=
-16,22,7fFsApPpvGYjGwgQIFQA4nzXzwQ=,y+2QE7C+/FIWaxJfViHbk6yXPnQ=
-16,20,7fFsApPpvGYjGwgQIFQA4nzXzwQ=,y+2QE7C+/FIWaxJfViHbk6yXPnQ=
-6,2,vloiih4yBGldIGaTdLelKJdor/A=,5xRojss/QLUcwHqA7Y4wooa+YNk=
-7,1,vloiih4yBGldIGaTdLelKJdor/A=,5xRojss/QLUcwHqA7Y4wooa+YNk=
-6,1,vloiih4yBGldIGaTdLelKJdor/A=,5xRojss/QLUcwHqA7Y4wooa+YNk=
-7,2,vloiih4yBGldIGaTdLelKJdor/A=,5xRojss/QLUcwHqA7Y4wooa+YNk=
-6,4,vloiih4yBGldIGaTdLelKJdor/A=,cRnxzNh9N49iuqTX8mawHPrV6XM=
-6,6,vloiih4yBGldIGaTdLelKJdor/A=,cRnxzNh9N49iuqTX8mawHPrV6XM=
-6,3,vloiih4yBGldIGaTdLelKJdor/A=,5xRojss/QLUcwHqA7Y4wooa+YNk=
-7,4,vloiih4yBGldIGaTdLelKJdor/A=,cRnxzNh9N49iuqTX8mawHPrV6XM=
-7,3,vloiih4yBGldIGaTdLelKJdor/A=,5xRojss/QLUcwHqA7Y4wooa+YNk=
-6,5,vloiih4yBGldIGaTdLelKJdor/A=,cRnxzNh9N49iuqTX8mawHPrV6XM=
-7,6,vloiih4yBGldIGaTdLelKJdor/A=,cRnxzNh9N49iuqTX8mawHPrV6XM=
-7,5,vloiih4yBGldIGaTdLelKJdor/A=,cRnxzNh9N49iuqTX8mawHPrV6XM=
-3,6,vloiih4yBGldIGaTdLelKJdor/A=,ZBq8MsPHKnEZaepZn3kKFQNN0vY=
-2,6,vloiih4yBGldIGaTdLelKJdor/A=,ZBq8MsPHKnEZaepZn3kKFQNN0vY=
-4,6,vloiih4yBGldIGaTdLelKJdor/A=,ZBq8MsPHKnEZaepZn3kKFQNN0vY=
-5,5,vloiih4yBGldIGaTdLelKJdor/A=,cRnxzNh9N49iuqTX8mawHPrV6XM=
-5,6,vloiih4yBGldIGaTdLelKJdor/A=,cRnxzNh9N49iuqTX8mawHPrV6XM=
-2,5,vloiih4yBGldIGaTdLelKJdor/A=,ZBq8MsPHKnEZaepZn3kKFQNN0vY=
-4,5,vloiih4yBGldIGaTdLelKJdor/A=,ZBq8MsPHKnEZaepZn3kKFQNN0vY=
-3,5,vloiih4yBGldIGaTdLelKJdor/A=,ZBq8MsPHKnEZaepZn3kKFQNN0vY=
-10,10,vloiih4yBGldIGaTdLelKJdor/A=,4iBlP6b8qdT+8LbZh2AymO6wdsA=
-11,9,vloiih4yBGldIGaTdLelKJdor/A=,4iBlP6b8qdT+8LbZh2AymO6wdsA=
-11,10,vloiih4yBGldIGaTdLelKJdor/A=,4iBlP6b8qdT+8LbZh2AymO6wdsA=
-10,9,vloiih4yBGldIGaTdLelKJdor/A=,4iBlP6b8qdT+8LbZh2AymO6wdsA=
-5,4,vloiih4yBGldIGaTdLelKJdor/A=,cRnxzNh9N49iuqTX8mawHPrV6XM=
-4,4,vloiih4yBGldIGaTdLelKJdor/A=,ZBq8MsPHKnEZaepZn3kKFQNN0vY=
-5,1,vloiih4yBGldIGaTdLelKJdor/A=,5xRojss/QLUcwHqA7Y4wooa+YNk=
-3,4,vloiih4yBGldIGaTdLelKJdor/A=,ZBq8MsPHKnEZaepZn3kKFQNN0vY=
-2,4,vloiih4yBGldIGaTdLelKJdor/A=,ZBq8MsPHKnEZaepZn3kKFQNN0vY=
-2,3,vloiih4yBGldIGaTdLelKJdor/A=,RwFCESwgNq+wUGJV655bG2NYVhc=
-2,2,vloiih4yBGldIGaTdLelKJdor/A=,RwFCESwgNq+wUGJV655bG2NYVhc=
-3,2,vloiih4yBGldIGaTdLelKJdor/A=,RwFCESwgNq+wUGJV655bG2NYVhc=
-5,3,vloiih4yBGldIGaTdLelKJdor/A=,5xRojss/QLUcwHqA7Y4wooa+YNk=
-4,2,vloiih4yBGldIGaTdLelKJdor/A=,RwFCESwgNq+wUGJV655bG2NYVhc=
-2,1,vloiih4yBGldIGaTdLelKJdor/A=,RwFCESwgNq+wUGJV655bG2NYVhc=
-3,1,vloiih4yBGldIGaTdLelKJdor/A=,RwFCESwgNq+wUGJV655bG2NYVhc=
-4,1,vloiih4yBGldIGaTdLelKJdor/A=,RwFCESwgNq+wUGJV655bG2NYVhc=
-5,2,vloiih4yBGldIGaTdLelKJdor/A=,5xRojss/QLUcwHqA7Y4wooa+YNk=
-3,3,vloiih4yBGldIGaTdLelKJdor/A=,RwFCESwgNq+wUGJV655bG2NYVhc=
-4,3,vloiih4yBGldIGaTdLelKJdor/A=,RwFCESwgNq+wUGJV655bG2NYVhc=
-10,6,vloiih4yBGldIGaTdLelKJdor/A=,xfHfxh5FVhmbgOkcbL84zcEvV84=
-11,6,vloiih4yBGldIGaTdLelKJdor/A=,xfHfxh5FVhmbgOkcbL84zcEvV84=
-9,5,vloiih4yBGldIGaTdLelKJdor/A=,xfHfxh5FVhmbgOkcbL84zcEvV84=
-10,5,vloiih4yBGldIGaTdLelKJdor/A=,xfHfxh5FVhmbgOkcbL84zcEvV84=
-11,5,vloiih4yBGldIGaTdLelKJdor/A=,xfHfxh5FVhmbgOkcbL84zcEvV84=
-10,7,vloiih4yBGldIGaTdLelKJdor/A=,xfHfxh5FVhmbgOkcbL84zcEvV84=
-11,7,vloiih4yBGldIGaTdLelKJdor/A=,xfHfxh5FVhmbgOkcbL84zcEvV84=
-10,8,vloiih4yBGldIGaTdLelKJdor/A=,4iBlP6b8qdT+8LbZh2AymO6wdsA=
-11,8,vloiih4yBGldIGaTdLelKJdor/A=,4iBlP6b8qdT+8LbZh2AymO6wdsA=
-8,6,vloiih4yBGldIGaTdLelKJdor/A=,cRnxzNh9N49iuqTX8mawHPrV6XM=
-8,5,vloiih4yBGldIGaTdLelKJdor/A=,cRnxzNh9N49iuqTX8mawHPrV6XM=
-9,6,vloiih4yBGldIGaTdLelKJdor/A=,xfHfxh5FVhmbgOkcbL84zcEvV84=
-14,6,vloiih4yBGldIGaTdLelKJdor/A=,65fFwKR5t80lvIzFduLJibGDcRI=
-13,6,vloiih4yBGldIGaTdLelKJdor/A=,65fFwKR5t80lvIzFduLJibGDcRI=
-12,5,vloiih4yBGldIGaTdLelKJdor/A=,xfHfxh5FVhmbgOkcbL84zcEvV84=
-13,5,vloiih4yBGldIGaTdLelKJdor/A=,65fFwKR5t80lvIzFduLJibGDcRI=
-15,5,vloiih4yBGldIGaTdLelKJdor/A=,65fFwKR5t80lvIzFduLJibGDcRI=
-15,6,vloiih4yBGldIGaTdLelKJdor/A=,65fFwKR5t80lvIzFduLJibGDcRI=
-12,6,vloiih4yBGldIGaTdLelKJdor/A=,xfHfxh5FVhmbgOkcbL84zcEvV84=
-14,5,vloiih4yBGldIGaTdLelKJdor/A=,65fFwKR5t80lvIzFduLJibGDcRI=
-14,9,vloiih4yBGldIGaTdLelKJdor/A=,WYIRdbygNjLBQuLwskUYCpOISVk=
-13,8,vloiih4yBGldIGaTdLelKJdor/A=,WYIRdbygNjLBQuLwskUYCpOISVk=
-13,7,vloiih4yBGldIGaTdLelKJdor/A=,65fFwKR5t80lvIzFduLJibGDcRI=
-12,7,vloiih4yBGldIGaTdLelKJdor/A=,xfHfxh5FVhmbgOkcbL84zcEvV84=
-15,10,vloiih4yBGldIGaTdLelKJdor/A=,WYIRdbygNjLBQuLwskUYCpOISVk=
-13,9,vloiih4yBGldIGaTdLelKJdor/A=,WYIRdbygNjLBQuLwskUYCpOISVk=
-15,8,vloiih4yBGldIGaTdLelKJdor/A=,WYIRdbygNjLBQuLwskUYCpOISVk=
-12,10,vloiih4yBGldIGaTdLelKJdor/A=,4iBlP6b8qdT+8LbZh2AymO6wdsA=
-15,7,vloiih4yBGldIGaTdLelKJdor/A=,65fFwKR5t80lvIzFduLJibGDcRI=
-12,8,EZQZ61OdV9tPc2jUliBvnSTrd6U=,4iBlP6b8qdT+8LbZh2AymO6wdsA=
-15,9,EZQZ61OdV9tPc2jUliBvnSTrd6U=,WYIRdbygNjLBQuLwskUYCpOISVk=
-14,10,EZQZ61OdV9tPc2jUliBvnSTrd6U=,WYIRdbygNjLBQuLwskUYCpOISVk=
-13,10,EZQZ61OdV9tPc2jUliBvnSTrd6U=,WYIRdbygNjLBQuLwskUYCpOISVk=
-12,9,EZQZ61OdV9tPc2jUliBvnSTrd6U=,4iBlP6b8qdT+8LbZh2AymO6wdsA=
-14,7,EZQZ61OdV9tPc2jUliBvnSTrd6U=,65fFwKR5t80lvIzFduLJibGDcRI=
-14,8,EZQZ61OdV9tPc2jUliBvnSTrd6U=,WYIRdbygNjLBQuLwskUYCpOISVk=
-14,2,EZQZ61OdV9tPc2jUliBvnSTrd6U=,sqyekIZa9Llbo4h0bEywYshCODY=
-14,3,EZQZ61OdV9tPc2jUliBvnSTrd6U=,sqyekIZa9Llbo4h0bEywYshCODY=
-16,10,EZQZ61OdV9tPc2jUliBvnSTrd6U=,WYIRdbygNjLBQuLwskUYCpOISVk=
-13,2,EZQZ61OdV9tPc2jUliBvnSTrd6U=,sqyekIZa9Llbo4h0bEywYshCODY=
-16,9,EZQZ61OdV9tPc2jUliBvnSTrd6U=,WYIRdbygNjLBQuLwskUYCpOISVk=
-11,11,EZQZ61OdV9tPc2jUliBvnSTrd6U=,4iBlP6b8qdT+8LbZh2AymO6wdsA=
-10,11,EZQZ61OdV9tPc2jUliBvnSTrd6U=,4iBlP6b8qdT+8LbZh2AymO6wdsA=
-15,2,EZQZ61OdV9tPc2jUliBvnSTrd6U=,sqyekIZa9Llbo4h0bEywYshCODY=
-10,2,EZQZ61OdV9tPc2jUliBvnSTrd6U=,/St+8dU8HldPQ6woj1xvKZfJug8=
-15,4,EZQZ61OdV9tPc2jUliBvnSTrd6U=,65fFwKR5t80lvIzFduLJibGDcRI=
-14,1,EZQZ61OdV9tPc2jUliBvnSTrd6U=,sqyekIZa9Llbo4h0bEywYshCODY=
-8,2,EZQZ61OdV9tPc2jUliBvnSTrd6U=,5xRojss/QLUcwHqA7Y4wooa+YNk=
-12,4,EZQZ61OdV9tPc2jUliBvnSTrd6U=,xfHfxh5FVhmbgOkcbL84zcEvV84=
-11,2,EZQZ61OdV9tPc2jUliBvnSTrd6U=,/St+8dU8HldPQ6woj1xvKZfJug8=
-14,4,EZQZ61OdV9tPc2jUliBvnSTrd6U=,65fFwKR5t80lvIzFduLJibGDcRI=
-9,2,EZQZ61OdV9tPc2jUliBvnSTrd6U=,/St+8dU8HldPQ6woj1xvKZfJug8=
-12,2,EZQZ61OdV9tPc2jUliBvnSTrd6U=,/St+8dU8HldPQ6woj1xvKZfJug8=
-9,1,EZQZ61OdV9tPc2jUliBvnSTrd6U=,/St+8dU8HldPQ6woj1xvKZfJug8=
-15,3,EZQZ61OdV9tPc2jUliBvnSTrd6U=,sqyekIZa9Llbo4h0bEywYshCODY=
-15,1,EZQZ61OdV9tPc2jUliBvnSTrd6U=,sqyekIZa9Llbo4h0bEywYshCODY=
-8,4,EZQZ61OdV9tPc2jUliBvnSTrd6U=,cRnxzNh9N49iuqTX8mawHPrV6XM=
-11,1,EZQZ61OdV9tPc2jUliBvnSTrd6U=,/St+8dU8HldPQ6woj1xvKZfJug8=
-13,1,EZQZ61OdV9tPc2jUliBvnSTrd6U=,sqyekIZa9Llbo4h0bEywYshCODY=
-8,1,EZQZ61OdV9tPc2jUliBvnSTrd6U=,5xRojss/QLUcwHqA7Y4wooa+YNk=
-10,1,EZQZ61OdV9tPc2jUliBvnSTrd6U=,/St+8dU8HldPQ6woj1xvKZfJug8=
-13,3,EZQZ61OdV9tPc2jUliBvnSTrd6U=,sqyekIZa9Llbo4h0bEywYshCODY=
-9,4,EZQZ61OdV9tPc2jUliBvnSTrd6U=,xfHfxh5FVhmbgOkcbL84zcEvV84=
-12,1,EZQZ61OdV9tPc2jUliBvnSTrd6U=,/St+8dU8HldPQ6woj1xvKZfJug8=
-10,4,EZQZ61OdV9tPc2jUliBvnSTrd6U=,xfHfxh5FVhmbgOkcbL84zcEvV84=
-12,3,EZQZ61OdV9tPc2jUliBvnSTrd6U=,/St+8dU8HldPQ6woj1xvKZfJug8=
-13,4,EZQZ61OdV9tPc2jUliBvnSTrd6U=,65fFwKR5t80lvIzFduLJibGDcRI=
-11,4,EZQZ61OdV9tPc2jUliBvnSTrd6U=,xfHfxh5FVhmbgOkcbL84zcEvV84=
-11,3,EZQZ61OdV9tPc2jUliBvnSTrd6U=,/St+8dU8HldPQ6woj1xvKZfJug8=
-8,3,EZQZ61OdV9tPc2jUliBvnSTrd6U=,5xRojss/QLUcwHqA7Y4wooa+YNk=
-9,3,EZQZ61OdV9tPc2jUliBvnSTrd6U=,/St+8dU8HldPQ6woj1xvKZfJug8=
-10,3,EZQZ61OdV9tPc2jUliBvnSTrd6U=,/St+8dU8HldPQ6woj1xvKZfJug8=
-14,15,EZQZ61OdV9tPc2jUliBvnSTrd6U=,wb88hWRabiO0+WksgK+0KPQRCPI=
-13,15,EZQZ61OdV9tPc2jUliBvnSTrd6U=,wb88hWRabiO0+WksgK+0KPQRCPI=
-14,11,EZQZ61OdV9tPc2jUliBvnSTrd6U=,WYIRdbygNjLBQuLwskUYCpOISVk=
-1,1,EZQZ61OdV9tPc2jUliBvnSTrd6U=,RwFCESwgNq+wUGJV655bG2NYVhc=
-16,13,EZQZ61OdV9tPc2jUliBvnSTrd6U=,wb88hWRabiO0+WksgK+0KPQRCPI=
-12,11,EZQZ61OdV9tPc2jUliBvnSTrd6U=,4iBlP6b8qdT+8LbZh2AymO6wdsA=
-15,13,EZQZ61OdV9tPc2jUliBvnSTrd6U=,wb88hWRabiO0+WksgK+0KPQRCPI=
-14,13,EZQZ61OdV9tPc2jUliBvnSTrd6U=,wb88hWRabiO0+WksgK+0KPQRCPI=
-1,2,EZQZ61OdV9tPc2jUliBvnSTrd6U=,RwFCESwgNq+wUGJV655bG2NYVhc=
-16,15,EZQZ61OdV9tPc2jUliBvnSTrd6U=,wb88hWRabiO0+WksgK+0KPQRCPI=
-13,13,EZQZ61OdV9tPc2jUliBvnSTrd6U=,wb88hWRabiO0+WksgK+0KPQRCPI=
-15,15,EZQZ61OdV9tPc2jUliBvnSTrd6U=,wb88hWRabiO0+WksgK+0KPQRCPI=
-13,14,EZQZ61OdV9tPc2jUliBvnSTrd6U=,wb88hWRabiO0+WksgK+0KPQRCPI=
-14,14,EZQZ61OdV9tPc2jUliBvnSTrd6U=,wb88hWRabiO0+WksgK+0KPQRCPI=
-16,14,EZQZ61OdV9tPc2jUliBvnSTrd6U=,wb88hWRabiO0+WksgK+0KPQRCPI=
-15,11,EZQZ61OdV9tPc2jUliBvnSTrd6U=,WYIRdbygNjLBQuLwskUYCpOISVk=
-13,11,EZQZ61OdV9tPc2jUliBvnSTrd6U=,WYIRdbygNjLBQuLwskUYCpOISVk=
-13,12,EZQZ61OdV9tPc2jUliBvnSTrd6U=,wb88hWRabiO0+WksgK+0KPQRCPI=
-16,11,EZQZ61OdV9tPc2jUliBvnSTrd6U=,WYIRdbygNjLBQuLwskUYCpOISVk=
-16,12,EZQZ61OdV9tPc2jUliBvnSTrd6U=,wb88hWRabiO0+WksgK+0KPQRCPI=
-1,6,EZQZ61OdV9tPc2jUliBvnSTrd6U=,ZBq8MsPHKnEZaepZn3kKFQNN0vY=
-15,12,EZQZ61OdV9tPc2jUliBvnSTrd6U=,wb88hWRabiO0+WksgK+0KPQRCPI=
-14,12,EZQZ61OdV9tPc2jUliBvnSTrd6U=,wb88hWRabiO0+WksgK+0KPQRCPI=
-15,14,EZQZ61OdV9tPc2jUliBvnSTrd6U=,wb88hWRabiO0+WksgK+0KPQRCPI=
-1,4,EZQZ61OdV9tPc2jUliBvnSTrd6U=,ZBq8MsPHKnEZaepZn3kKFQNN0vY=
-1,5,EZQZ61OdV9tPc2jUliBvnSTrd6U=,ZBq8MsPHKnEZaepZn3kKFQNN0vY=
-1,3,EZQZ61OdV9tPc2jUliBvnSTrd6U=,RwFCESwgNq+wUGJV655bG2NYVhc=
-2,14,EZQZ61OdV9tPc2jUliBvnSTrd6U=,/VKHli+Y1Ogi9WjhmfnDVsvFDPI=
-3,13,EZQZ61OdV9tPc2jUliBvnSTrd6U=,/VKHli+Y1Ogi9WjhmfnDVsvFDPI=
-2,13,EZQZ61OdV9tPc2jUliBvnSTrd6U=,/VKHli+Y1Ogi9WjhmfnDVsvFDPI=
-3,14,EZQZ61OdV9tPc2jUliBvnSTrd6U=,/VKHli+Y1Ogi9WjhmfnDVsvFDPI=
-6,14,EZQZ61OdV9tPc2jUliBvnSTrd6U=,OA9V+7jdY9N1eOK49i9OESp/vaY=
-5,14,EZQZ61OdV9tPc2jUliBvnSTrd6U=,OA9V+7jdY9N1eOK49i9OESp/vaY=
-7,14,EZQZ61OdV9tPc2jUliBvnSTrd6U=,OA9V+7jdY9N1eOK49i9OESp/vaY=
-4,13,EZQZ61OdV9tPc2jUliBvnSTrd6U=,/VKHli+Y1Ogi9WjhmfnDVsvFDPI=
-4,14,EZQZ61OdV9tPc2jUliBvnSTrd6U=,/VKHli+Y1Ogi9WjhmfnDVsvFDPI=
-8,13,EZQZ61OdV9tPc2jUliBvnSTrd6U=,OA9V+7jdY9N1eOK49i9OESp/vaY=
-7,13,EZQZ61OdV9tPc2jUliBvnSTrd6U=,OA9V+7jdY9N1eOK49i9OESp/vaY=
-8,14,EZQZ61OdV9tPc2jUliBvnSTrd6U=,OA9V+7jdY9N1eOK49i9OESp/vaY=
-5,13,EZQZ61OdV9tPc2jUliBvnSTrd6U=,OA9V+7jdY9N1eOK49i9OESp/vaY=
-6,13,EZQZ61OdV9tPc2jUliBvnSTrd6U=,OA9V+7jdY9N1eOK49i9OESp/vaY=
-3,15,EZQZ61OdV9tPc2jUliBvnSTrd6U=,/VKHli+Y1Ogi9WjhmfnDVsvFDPI=
-2,15,EZQZ61OdV9tPc2jUliBvnSTrd6U=,/VKHli+Y1Ogi9WjhmfnDVsvFDPI=
-1,14,EZQZ61OdV9tPc2jUliBvnSTrd6U=,/VKHli+Y1Ogi9WjhmfnDVsvFDPI=
-1,15,EZQZ61OdV9tPc2jUliBvnSTrd6U=,/VKHli+Y1Ogi9WjhmfnDVsvFDPI=
-1,13,EZQZ61OdV9tPc2jUliBvnSTrd6U=,/VKHli+Y1Ogi9WjhmfnDVsvFDPI=
-7,0,EZQZ61OdV9tPc2jUliBvnSTrd6U=,5xRojss/QLUcwHqA7Y4wooa+YNk=
-6,0,EZQZ61OdV9tPc2jUliBvnSTrd6U=,5xRojss/QLUcwHqA7Y4wooa+YNk=
-5,0,EZQZ61OdV9tPc2jUliBvnSTrd6U=,5xRojss/QLUcwHqA7Y4wooa+YNk=
-4,0,EZQZ61OdV9tPc2jUliBvnSTrd6U=,RwFCESwgNq+wUGJV655bG2NYVhc=
-3,0,EZQZ61OdV9tPc2jUliBvnSTrd6U=,RwFCESwgNq+wUGJV655bG2NYVhc=
-2,0,EZQZ61OdV9tPc2jUliBvnSTrd6U=,RwFCESwgNq+wUGJV655bG2NYVhc=
-1,0,EZQZ61OdV9tPc2jUliBvnSTrd6U=,RwFCESwgNq+wUGJV655bG2NYVhc=
-16,2,EZQZ61OdV9tPc2jUliBvnSTrd6U=,sqyekIZa9Llbo4h0bEywYshCODY=
-16,7,EZQZ61OdV9tPc2jUliBvnSTrd6U=,65fFwKR5t80lvIzFduLJibGDcRI=
-16,3,EZQZ61OdV9tPc2jUliBvnSTrd6U=,sqyekIZa9Llbo4h0bEywYshCODY=
-16,4,EZQZ61OdV9tPc2jUliBvnSTrd6U=,65fFwKR5t80lvIzFduLJibGDcRI=
-16,1,EZQZ61OdV9tPc2jUliBvnSTrd6U=,sqyekIZa9Llbo4h0bEywYshCODY=
-14,0,EZQZ61OdV9tPc2jUliBvnSTrd6U=,sqyekIZa9Llbo4h0bEywYshCODY=
-15,0,EZQZ61OdV9tPc2jUliBvnSTrd6U=,sqyekIZa9Llbo4h0bEywYshCODY=
-8,0,EZQZ61OdV9tPc2jUliBvnSTrd6U=,5xRojss/QLUcwHqA7Y4wooa+YNk=
-10,0,EZQZ61OdV9tPc2jUliBvnSTrd6U=,/St+8dU8HldPQ6woj1xvKZfJug8=
-13,0,EZQZ61OdV9tPc2jUliBvnSTrd6U=,sqyekIZa9Llbo4h0bEywYshCODY=
-9,0,EZQZ61OdV9tPc2jUliBvnSTrd6U=,/St+8dU8HldPQ6woj1xvKZfJug8=
-12,0,EZQZ61OdV9tPc2jUliBvnSTrd6U=,/St+8dU8HldPQ6woj1xvKZfJug8=
-11,0,EZQZ61OdV9tPc2jUliBvnSTrd6U=,/St+8dU8HldPQ6woj1xvKZfJug8=
-16,6,EZQZ61OdV9tPc2jUliBvnSTrd6U=,65fFwKR5t80lvIzFduLJibGDcRI=
-8,15,EZQZ61OdV9tPc2jUliBvnSTrd6U=,OA9V+7jdY9N1eOK49i9OESp/vaY=
-4,15,EZQZ61OdV9tPc2jUliBvnSTrd6U=,/VKHli+Y1Ogi9WjhmfnDVsvFDPI=
-7,15,EZQZ61OdV9tPc2jUliBvnSTrd6U=,OA9V+7jdY9N1eOK49i9OESp/vaY=
-6,15,EZQZ61OdV9tPc2jUliBvnSTrd6U=,OA9V+7jdY9N1eOK49i9OESp/vaY=
-5,15,EZQZ61OdV9tPc2jUliBvnSTrd6U=,OA9V+7jdY9N1eOK49i9OESp/vaY=
-16,5,EZQZ61OdV9tPc2jUliBvnSTrd6U=,65fFwKR5t80lvIzFduLJibGDcRI=
-16,0,EZQZ61OdV9tPc2jUliBvnSTrd6U=,sqyekIZa9Llbo4h0bEywYshCODY=
-16,8,EZQZ61OdV9tPc2jUliBvnSTrd6U=,WYIRdbygNjLBQuLwskUYCpOISVk=
-2,12,EZQZ61OdV9tPc2jUliBvnSTrd6U=,/VKHli+Y1Ogi9WjhmfnDVsvFDPI=
-1,12,EZQZ61OdV9tPc2jUliBvnSTrd6U=,/VKHli+Y1Ogi9WjhmfnDVsvFDPI=
-2,10,EZQZ61OdV9tPc2jUliBvnSTrd6U=,FXClukbxGl+K+EQWqiocg8cxBIY=
-3,8,EZQZ61OdV9tPc2jUliBvnSTrd6U=,FXClukbxGl+K+EQWqiocg8cxBIY=
-3,7,EZQZ61OdV9tPc2jUliBvnSTrd6U=,ZBq8MsPHKnEZaepZn3kKFQNN0vY=
-3,12,EZQZ61OdV9tPc2jUliBvnSTrd6U=,/VKHli+Y1Ogi9WjhmfnDVsvFDPI=
-2,8,EZQZ61OdV9tPc2jUliBvnSTrd6U=,FXClukbxGl+K+EQWqiocg8cxBIY=
-1,8,EZQZ61OdV9tPc2jUliBvnSTrd6U=,FXClukbxGl+K+EQWqiocg8cxBIY=
-1,9,EZQZ61OdV9tPc2jUliBvnSTrd6U=,FXClukbxGl+K+EQWqiocg8cxBIY=
-1,10,EZQZ61OdV9tPc2jUliBvnSTrd6U=,FXClukbxGl+K+EQWqiocg8cxBIY=
-1,11,EZQZ61OdV9tPc2jUliBvnSTrd6U=,FXClukbxGl+K+EQWqiocg8cxBIY=
-3,9,EZQZ61OdV9tPc2jUliBvnSTrd6U=,FXClukbxGl+K+EQWqiocg8cxBIY=
-9,10,EZQZ61OdV9tPc2jUliBvnSTrd6U=,4iBlP6b8qdT+8LbZh2AymO6wdsA=
-2,9,EZQZ61OdV9tPc2jUliBvnSTrd6U=,FXClukbxGl+K+EQWqiocg8cxBIY=
-6,8,EZQZ61OdV9tPc2jUliBvnSTrd6U=,p4IiwrBSMQtoysMnA9m3gO8MqMU=
-5,8,EZQZ61OdV9tPc2jUliBvnSTrd6U=,p4IiwrBSMQtoysMnA9m3gO8MqMU=
-2,11,EZQZ61OdV9tPc2jUliBvnSTrd6U=,FXClukbxGl+K+EQWqiocg8cxBIY=
-2,7,EZQZ61OdV9tPc2jUliBvnSTrd6U=,ZBq8MsPHKnEZaepZn3kKFQNN0vY=
-4,10,EZQZ61OdV9tPc2jUliBvnSTrd6U=,FXClukbxGl+K+EQWqiocg8cxBIY=
-8,9,EZQZ61OdV9tPc2jUliBvnSTrd6U=,p4IiwrBSMQtoysMnA9m3gO8MqMU=
-3,11,EZQZ61OdV9tPc2jUliBvnSTrd6U=,FXClukbxGl+K+EQWqiocg8cxBIY=
-1,7,EZQZ61OdV9tPc2jUliBvnSTrd6U=,ZBq8MsPHKnEZaepZn3kKFQNN0vY=
-7,9,EZQZ61OdV9tPc2jUliBvnSTrd6U=,p4IiwrBSMQtoysMnA9m3gO8MqMU=
-4,12,EZQZ61OdV9tPc2jUliBvnSTrd6U=,/VKHli+Y1Ogi9WjhmfnDVsvFDPI=
-5,7,EZQZ61OdV9tPc2jUliBvnSTrd6U=,cRnxzNh9N49iuqTX8mawHPrV6XM=
-6,9,EZQZ61OdV9tPc2jUliBvnSTrd6U=,p4IiwrBSMQtoysMnA9m3gO8MqMU=
-9,7,EZQZ61OdV9tPc2jUliBvnSTrd6U=,xfHfxh5FVhmbgOkcbL84zcEvV84=
-6,7,EZQZ61OdV9tPc2jUliBvnSTrd6U=,cRnxzNh9N49iuqTX8mawHPrV6XM=
-7,8,EZQZ61OdV9tPc2jUliBvnSTrd6U=,p4IiwrBSMQtoysMnA9m3gO8MqMU=
-5,9,EZQZ61OdV9tPc2jUliBvnSTrd6U=,p4IiwrBSMQtoysMnA9m3gO8MqMU=
-9,9,EZQZ61OdV9tPc2jUliBvnSTrd6U=,4iBlP6b8qdT+8LbZh2AymO6wdsA=
-8,10,EZQZ61OdV9tPc2jUliBvnSTrd6U=,p4IiwrBSMQtoysMnA9m3gO8MqMU=
-7,7,EZQZ61OdV9tPc2jUliBvnSTrd6U=,cRnxzNh9N49iuqTX8mawHPrV6XM=
-8,8,EZQZ61OdV9tPc2jUliBvnSTrd6U=,p4IiwrBSMQtoysMnA9m3gO8MqMU=
-9,11,EZQZ61OdV9tPc2jUliBvnSTrd6U=,4iBlP6b8qdT+8LbZh2AymO6wdsA=
-7,10,EZQZ61OdV9tPc2jUliBvnSTrd6U=,p4IiwrBSMQtoysMnA9m3gO8MqMU=
-6,10,EZQZ61OdV9tPc2jUliBvnSTrd6U=,p4IiwrBSMQtoysMnA9m3gO8MqMU=
-4,11,EZQZ61OdV9tPc2jUliBvnSTrd6U=,FXClukbxGl+K+EQWqiocg8cxBIY=
-5,10,EZQZ61OdV9tPc2jUliBvnSTrd6U=,p4IiwrBSMQtoysMnA9m3gO8MqMU=
-8,11,EZQZ61OdV9tPc2jUliBvnSTrd6U=,p4IiwrBSMQtoysMnA9m3gO8MqMU=
-4,9,EZQZ61OdV9tPc2jUliBvnSTrd6U=,FXClukbxGl+K+EQWqiocg8cxBIY=
-7,12,EZQZ61OdV9tPc2jUliBvnSTrd6U=,OA9V+7jdY9N1eOK49i9OESp/vaY=
-7,11,EZQZ61OdV9tPc2jUliBvnSTrd6U=,p4IiwrBSMQtoysMnA9m3gO8MqMU=
-6,11,EZQZ61OdV9tPc2jUliBvnSTrd6U=,p4IiwrBSMQtoysMnA9m3gO8MqMU=
-9,8,EZQZ61OdV9tPc2jUliBvnSTrd6U=,4iBlP6b8qdT+8LbZh2AymO6wdsA=
-4,8,EZQZ61OdV9tPc2jUliBvnSTrd6U=,FXClukbxGl+K+EQWqiocg8cxBIY=
-5,12,EZQZ61OdV9tPc2jUliBvnSTrd6U=,OA9V+7jdY9N1eOK49i9OESp/vaY=
-8,12,EZQZ61OdV9tPc2jUliBvnSTrd6U=,OA9V+7jdY9N1eOK49i9OESp/vaY=
-5,11,EZQZ61OdV9tPc2jUliBvnSTrd6U=,p4IiwrBSMQtoysMnA9m3gO8MqMU=
-4,7,EZQZ61OdV9tPc2jUliBvnSTrd6U=,ZBq8MsPHKnEZaepZn3kKFQNN0vY=
-6,12,EZQZ61OdV9tPc2jUliBvnSTrd6U=,OA9V+7jdY9N1eOK49i9OESp/vaY=
-3,10,EZQZ61OdV9tPc2jUliBvnSTrd6U=,FXClukbxGl+K+EQWqiocg8cxBIY=
-8,7,EZQZ61OdV9tPc2jUliBvnSTrd6U=,cRnxzNh9N49iuqTX8mawHPrV6XM=
