13,-85,EZQZ61OdV9tPc2jUliBvnSTrd6U=,kcBB/a3YTjpo5ejJ83ZPy/JgyMw=
15,-85,EZQZ61OdV9tPc2jUliBvnSTrd6U=,kcBB/a3YTjpo5ejJ83ZPy/JgyMw=
14,-85,EZQZ61OdV9tPc2jUliBvnSTrd6U=,kcBB/a3YTjpo5ejJ83ZPy/JgyMw=
13,-87,EZQZ61OdV9tPc2jUliBvnSTrd6U=,kcBB/a3YTjpo5ejJ83ZPy/JgyMw=
15,-87,EZQZ61OdV9tPc2jUliBvnSTrd6U=,kcBB/a3YTjpo5ejJ83ZPy/JgyMw=
8,-91,EZQZ61OdV9tPc2jUliBvnSTrd6U=,qFHqRe2c5NWTRxgq4BjTrCHe1/0=
9,-91,EZQZ61OdV9tPc2jUliBvnSTrd6U=,qFHqRe2c5NWTRxgq4BjTrCHe1/0=
10,-91,EZQZ61OdV9tPc2jUliBvnSTrd6U=,qFHqRe2c5NWTRxgq4BjTrCHe1/0=
11,-91,EZQZ61OdV9tPc2jUliBvnSTrd6U=,qFHqRe2c5NWTRxgq4BjTrCHe1/0=
8,-90,EZQZ61OdV9tPc2jUliBvnSTrd6U=,qFHqRe2c5NWTRxgq4BjTrCHe1/0=
8,-92,EZQZ61OdV9tPc2jUliBvnSTrd6U=,qFHqRe2c5NWTRxgq4BjTrCHe1/0=
9,-90,EZQZ61OdV9tPc2jUliBvnSTrd6U=,qFHqRe2c5NWTRxgq4BjTrCHe1/0=
9,-92,EZQZ61OdV9tPc2jUliBvnSTrd6U=,qFHqRe2c5NWTRxgq4BjTrCHe1/0=
10,-92,EZQZ61OdV9tPc2jUliBvnSTrd6U=,qFHqRe2c5NWTRxgq4BjTrCHe1/0=
11,-92,EZQZ61OdV9tPc2jUliBvnSTrd6U=,qFHqRe2c5NWTRxgq4BjTrCHe1/0=
10,-90,EZQZ61OdV9tPc2jUliBvnSTrd6U=,qFHqRe2c5NWTRxgq4BjTrCHe1/0=
11,-90,EZQZ61OdV9tPc2jUliBvnSTrd6U=,qFHqRe2c5NWTRxgq4BjTrCHe1/0=
15,-86,EZQZ61OdV9tPc2jUliBvnSTrd6U=,kcBB/a3YTjpo5ejJ83ZPy/JgyMw=
14,-86,EZQZ61OdV9tPc2jUliBvnSTrd6U=,kcBB/a3YTjpo5ejJ83ZPy/JgyMw=
13,-86,EZQZ61OdV9tPc2jUliBvnSTrd6U=,kcBB/a3YTjpo5ejJ83ZPy/JgyMw=
13,-88,EZQZ61OdV9tPc2jUliBvnSTrd6U=,kcBB/a3YTjpo5ejJ83ZPy/JgyMw=
15,-88,EZQZ61OdV9tPc2jUliBvnSTrd6U=,kcBB/a3YTjpo5ejJ83ZPy/JgyMw=
14,-88,EZQZ61OdV9tPc2jUliBvnSTrd6U=,kcBB/a3YTjpo5ejJ83ZPy/JgyMw=
12,-85,EZQZ61OdV9tPc2jUliBvnSTrd6U=,kcBB/a3YTjpo5ejJ83ZPy/JgyMw=
8,-85,EZQZ61OdV9tPc2jUliBvnSTrd6U=,LPNuNwIeQkUNrEwI+OTkfLBTxSU=
9,-85,EZQZ61OdV9tPc2jUliBvnSTrd6U=,LPNuNwIeQkUNrEwI+OTkfLBTxSU=
10,-89,EZQZ61OdV9tPc2jUliBvnSTrd6U=,qFHqRe2c5NWTRxgq4BjTrCHe1/0=
11,-87,EZQZ61OdV9tPc2jUliBvnSTrd6U=,LPNuNwIeQkUNrEwI+OTkfLBTxSU=
11,-88,EZQZ61OdV9tPc2jUliBvnSTrd6U=,LPNuNwIeQkUNrEwI+OTkfLBTxSU=
10,-87,EZQZ61OdV9tPc2jUliBvnSTrd6U=,LPNuNwIeQkUNrEwI+OTkfLBTxSU=
9,-86,EZQZ61OdV9tPc2jUliBvnSTrd6U=,LPNuNwIeQkUNrEwI+OTkfLBTxSU=
10,-88,EZQZ61OdV9tPc2jUliBvnSTrd6U=,LPNuNwIeQkUNrEwI+OTkfLBTxSU=
11,-86,EZQZ61OdV9tPc2jUliBvnSTrd6U=,LPNuNwIeQkUNrEwI+OTkfLBTxSU=
9,-89,EZQZ61OdV9tPc2jUliBvnSTrd6U=,qFHqRe2c5NWTRxgq4BjTrCHe1/0=
8,-89,EZQZ61OdV9tPc2jUliBvnSTrd6U=,qFHqRe2c5NWTRxgq4BjTrCHe1/0=
8,-86,EZQZ61OdV9tPc2jUliBvnSTrd6U=,LPNuNwIeQkUNrEwI+OTkfLBTxSU=
9,-88,EZQZ61OdV9tPc2jUliBvnSTrd6U=,LPNuNwIeQkUNrEwI+OTkfLBTxSU=
10,-86,EZQZ61OdV9tPc2jUliBvnSTrd6U=,LPNuNwIeQkUNrEwI+OTkfLBTxSU=
9,-87,EZQZ61OdV9tPc2jUliBvnSTrd6U=,LPNuNwIeQkUNrEwI+OTkfLBTxSU=
8,-88,EZQZ61OdV9tPc2jUliBvnSTrd6U=,LPNuNwIeQkUNrEwI+OTkfLBTxSU=
12,-86,EZQZ61OdV9tPc2jUliBvnSTrd6U=,kcBB/a3YTjpo5ejJ83ZPy/JgyMw=
11,-85,EZQZ61OdV9tPc2jUliBvnSTrd6U=,LPNuNwIeQkUNrEwI+OTkfLBTxSU=
12,-87,EZQZ61OdV9tPc2jUliBvnSTrd6U=,kcBB/a3YTjpo5ejJ83ZPy/JgyMw=
8,-87,EZQZ61OdV9tPc2jUliBvnSTrd6U=,LPNuNwIeQkUNrEwI+OTkfLBTxSU=
10,-85,EZQZ61OdV9tPc2jUliBvnSTrd6U=,LPNuNwIeQkUNrEwI+OTkfLBTxSU=
12,-88,EZQZ61OdV9tPc2jUliBvnSTrd6U=,kcBB/a3YTjpo5ejJ83ZPy/JgyMw=
11,-89,EZQZ61OdV9tPc2jUliBvnSTrd6U=,qFHqRe2c5NWTRxgq4BjTrCHe1/0=
14,-87,EZQZ61OdV9tPc2jUliBvnSTrd6U=,kcBB/a3YTjpo5ejJ83ZPy/JgyMw=
